order_id,customer_id,order_date,order_status,total_amount
1,328,2024-04-24,Delivered,59453.01
2,126,2024-08-16,Delivered,59049.2
3,347,2025-07-12,Delivered,47443.75
4,17,2024-01-31,Delivered,17880.94
5,259,2025-09-08,Delivered,45118.54
6,367,2025-10-27,Cancelled,43822.39
7,113,2025-04-04,Shipped,22615.44
8,446,2024-01-07,Returned,64562.44
9,358,2025-03-08,Delivered,22590.05
10,111,2024-12-10,Delivered,7872.39
11,50,2025-01-02,Returned,27843.82
12,136,2024-02-14,Cancelled,37023.74
13,64,2025-01-22,Delivered,44386.78
14,425,2025-10-05,Shipped,70893.3
15,186,2025-08-14,Delivered,56513.17
16,24,2025-11-08,Delivered,61958.71
17,41,2024-08-26,Returned,8528.71
18,143,2025-04-09,Cancelled,66811.61
19,84,2025-01-14,Delivered,17155.02
20,137,2025-12-19,Cancelled,52018.46
21,312,2025-10-12,Delivered,42963.65
22,126,2024-06-16,Delivered,30666.09
23,474,2025-10-17,Cancelled,44777.06
24,351,2024-11-28,Returned,61580.7
25,29,2024-08-22,Returned,3051
26,162,2025-02-14,Delivered,5761.06
27,468,2025-08-03,Cancelled,25516.21
28,336,2025-05-26,Delivered,70832.2
29,330,2025-04-14,Delivered,21557.24
30,127,2025-07-28,Shipped,21387.22
31,300,2025-03-14,Shipped,32251.74
32,113,2024-05-21,Shipped,39734
33,387,2024-02-18,Returned,9216.22
34,322,2024-06-12,Returned,54597.94
35,306,2024-03-06,Delivered,30838.11
36,240,2025-06-25,Delivered,77700.7
37,441,2024-01-12,Cancelled,57797.11
38,350,2025-07-03,Returned,21711.87
39,329,2024-12-14,Delivered,23832.55
40,81,2025-04-09,Delivered,76328.32
41,449,2024-09-26,Shipped,61075.76
42,260,2024-04-18,Returned,50210.99
43,431,2025-10-16,Shipped,48912.74
44,79,2025-01-17,Returned,13342.31
45,489,2025-06-27,Delivered,48115.69
46,251,2024-01-20,Delivered,74363.27
47,450,2024-11-10,Delivered,5104.11
48,450,2025-08-03,Delivered,7308.54
49,249,2024-03-11,Returned,42849.67
50,65,2024-05-11,Cancelled,38284.42
51,282,2024-06-18,Delivered,42449.59
52,311,2025-03-09,Delivered,74348.55
53,387,2025-12-07,Delivered,57179.16
54,205,2025-11-18,Cancelled,30186.3
55,461,2025-06-13,Delivered,10118.95
56,116,2024-03-06,Delivered,2171.24
57,284,2024-08-23,Shipped,18006.5
58,37,2025-12-25,Cancelled,5179.52
59,35,2024-02-02,Returned,26768.4
60,264,2024-08-31,Delivered,53683.4
61,110,2025-07-06,Delivered,58006.25
62,452,2025-08-07,Shipped,38076.82
63,402,2025-04-29,Returned,32860.67
64,49,2024-04-09,Cancelled,34768
65,217,2025-02-24,Delivered,69174.89
66,28,2025-11-20,Cancelled,78741.12
67,51,2024-03-03,Delivered,58392.71
68,410,2024-04-21,Delivered,15730.6
69,275,2025-04-04,Delivered,34039.01
70,143,2025-04-18,Delivered,70021.51
71,39,2025-03-29,Returned,68977.12
72,282,2024-04-10,Delivered,52345.17
73,277,2024-01-16,Delivered,74146.1
74,435,2024-08-30,Delivered,32809.32
75,247,2024-08-06,Returned,32382.1
76,31,2024-06-17,Delivered,670.35
77,200,2024-09-28,Returned,62917.57
78,147,2025-03-09,Cancelled,76606.71
79,402,2025-07-23,Cancelled,57613.18
80,80,2024-07-13,Delivered,17806.44
81,30,2025-08-16,Cancelled,43604.06
82,383,2024-11-17,Delivered,4485.37
83,245,2025-05-29,Returned,42724.06
84,30,2025-06-04,Delivered,68181.58
85,36,2025-09-01,Delivered,54179.07
86,121,2025-02-17,Delivered,75356.83
87,292,2024-09-09,Shipped,47763.87
88,318,2024-03-24,Delivered,52760.82
89,290,2025-06-19,Delivered,74809.08
90,105,2025-11-16,Cancelled,25476.93
91,136,2025-02-09,Delivered,53899.04
92,154,2025-04-13,Delivered,74356.89
93,480,2024-03-15,Delivered,36933.16
94,289,2024-04-12,Delivered,43241.47
95,260,2024-09-28,Delivered,74694.05
96,452,2024-03-11,Delivered,29876.77
97,81,2025-03-24,Returned,43685.37
98,155,2025-09-18,Returned,52490.77
99,5,2025-11-14,Returned,44590.44
100,478,2025-11-10,Delivered,75144.87
101,69,2024-09-27,Delivered,71232.05
102,381,2025-07-20,Delivered,22150.96
103,310,2024-08-03,Cancelled,27758.33
104,352,2025-10-11,Returned,21485.98
105,251,2024-09-14,Returned,4537.56
106,325,2025-03-09,Returned,22495.35
107,2,2024-12-07,Returned,10899.29
108,135,2024-06-14,Cancelled,35625.37
109,362,2025-03-13,Shipped,1267.75
110,39,2025-12-08,Delivered,43873.97
111,428,2025-01-13,Shipped,44425.3
112,221,2024-05-10,Delivered,25005.85
113,461,2024-02-10,Delivered,17200.29
114,128,2025-11-13,Delivered,28616.81
115,287,2025-02-20,Shipped,60083.22
116,474,2024-08-30,Returned,13418.05
117,410,2024-06-30,Delivered,2469.54
118,378,2024-12-06,Returned,74499.79
119,411,2025-11-16,Returned,58936.81
120,128,2024-09-30,Delivered,63096.06
121,56,2025-01-26,Returned,3577.65
122,241,2024-08-15,Delivered,65418.45
123,236,2024-12-24,Delivered,65732.46
124,447,2024-08-21,Delivered,2380.35
125,99,2025-02-12,Delivered,22648.22
126,36,2024-10-12,Delivered,51497.44
127,205,2025-11-26,Returned,43128.69
128,481,2024-01-29,Delivered,70224.43
129,134,2024-07-01,Shipped,77021.44
130,136,2024-02-09,Delivered,47927.01
131,177,2024-11-17,Delivered,48693.21
132,262,2024-04-28,Delivered,72010.53
133,98,2024-09-17,Delivered,56848.14
134,1,2025-06-16,Returned,43306.47
135,369,2025-11-17,Delivered,29454.97
136,36,2025-11-11,Delivered,50040.48
137,340,2024-05-07,Cancelled,72053.62
138,260,2024-11-12,Cancelled,32966.64
139,207,2025-12-14,Delivered,44575.35
140,99,2025-03-06,Cancelled,75258.85
141,347,2024-06-27,Shipped,45743.44
142,208,2025-07-15,Returned,531.27
143,147,2024-08-03,Delivered,62967.61
144,311,2025-11-01,Delivered,37466.03
145,227,2025-11-22,Delivered,41137.84
146,407,2024-06-22,Cancelled,7240.33
147,264,2025-11-10,Cancelled,49730.85
148,48,2024-08-28,Cancelled,25177.66
149,413,2024-07-22,Delivered,2440.84
150,126,2025-05-01,Shipped,68054
151,38,2025-04-11,Delivered,70947.77
152,295,2024-07-18,Cancelled,55859.86
153,254,2025-02-13,Delivered,12231.07
154,353,2024-01-06,Returned,68904.89
155,454,2024-04-19,Returned,34298.55
156,91,2025-12-13,Shipped,37431.18
157,286,2024-09-12,Returned,10147.13
158,69,2025-04-20,Cancelled,42724.52
159,287,2025-09-01,Delivered,76028.1
160,457,2025-03-29,Shipped,65292.83
161,457,2025-05-31,Delivered,66530.08
162,281,2025-04-01,Delivered,59620.35
163,244,2025-04-05,Delivered,60266.01
164,431,2025-10-14,Delivered,61381.95
165,267,2025-05-11,Cancelled,19519.29
166,226,2024-03-20,Cancelled,23214.67
167,140,2024-12-09,Delivered,71495.53
168,42,2024-05-21,Delivered,18884.52
169,356,2024-06-05,Cancelled,17508.47
170,213,2025-02-21,Delivered,43637.13
171,213,2024-03-04,Delivered,66714.68
172,200,2025-08-21,Cancelled,2051.81
173,451,2025-08-12,Delivered,38419.37
174,483,2024-12-26,Delivered,60401.03
175,437,2025-03-05,Shipped,59927.24
176,280,2025-09-09,Delivered,39313.73
177,140,2025-03-22,Delivered,2806.5
178,173,2025-11-15,Cancelled,63952.11
179,371,2024-06-18,Returned,37656.98
180,66,2025-09-29,Shipped,2642.86
181,202,2025-08-29,Shipped,53208.14
182,43,2025-10-20,Delivered,11287.24
183,237,2024-07-05,Delivered,21181.69
184,168,2024-08-04,Delivered,26483.57
185,390,2025-01-23,Delivered,60284.53
186,426,2025-03-07,Delivered,66875.25
187,241,2024-01-20,Cancelled,43383.35
188,488,2024-12-24,Delivered,52186.11
189,400,2025-10-29,Delivered,60461.29
190,487,2024-09-10,Delivered,67218.53
191,319,2024-06-05,Delivered,10533.69
192,343,2024-04-27,Shipped,75846.63
193,239,2025-12-17,Delivered,61468.17
194,86,2025-09-12,Shipped,77116.88
195,368,2024-04-27,Returned,65634.26
196,494,2024-11-14,Delivered,46505.01
197,476,2024-11-15,Shipped,54348.79
198,491,2025-01-19,Delivered,75346.85
199,102,2024-03-18,Shipped,55403.54
200,322,2024-09-05,Delivered,55926.54
201,155,2025-12-01,Shipped,64539.28
202,408,2025-08-02,Returned,3764.04
203,273,2025-03-14,Cancelled,29959.76
204,260,2025-10-25,Delivered,1504.86
205,216,2025-05-16,Delivered,34964.54
206,186,2025-10-12,Returned,37048.74
207,79,2025-03-21,Delivered,58836.46
208,495,2025-10-28,Delivered,49464.65
209,471,2025-07-05,Returned,38937.54
210,224,2025-08-29,Delivered,26122.54
211,126,2024-03-29,Delivered,70589.56
212,125,2025-04-20,Shipped,49020.98
213,195,2024-12-10,Delivered,39796.86
214,167,2024-07-05,Delivered,17362.74
215,409,2024-09-21,Delivered,22732.13
216,306,2025-12-19,Delivered,44684.94
217,265,2024-07-14,Delivered,19687.05
218,209,2025-05-15,Shipped,60773.85
219,354,2025-05-02,Cancelled,57091.18
220,230,2024-01-18,Delivered,23891.02
221,208,2025-12-09,Delivered,24842.69
222,298,2025-01-12,Delivered,44500.65
223,177,2025-03-11,Cancelled,44255.43
224,181,2025-12-20,Delivered,22037.13
225,129,2024-08-24,Delivered,57841.83
226,162,2024-05-02,Cancelled,43100.72
227,391,2025-12-07,Delivered,15726.7
228,379,2025-05-10,Delivered,58104.23
229,390,2025-06-21,Shipped,22997.68
230,52,2024-07-17,Delivered,18584.14
231,92,2024-11-05,Delivered,56787.18
232,65,2024-10-07,Delivered,77956.42
233,284,2024-10-26,Cancelled,75555.07
234,327,2025-05-17,Delivered,69881.09
235,294,2024-10-18,Delivered,38557.26
236,175,2024-07-07,Delivered,20571.28
237,442,2025-05-04,Delivered,65858.02
238,206,2025-05-18,Delivered,46372.76
239,352,2024-02-24,Delivered,12360.36
240,289,2024-11-07,Delivered,79516.48
241,61,2025-07-25,Returned,33585.25
242,306,2025-09-25,Delivered,62167.41
243,195,2025-04-06,Delivered,24138.87
244,302,2025-03-15,Delivered,45705.61
245,31,2025-09-16,Cancelled,8388.17
246,391,2024-07-31,Cancelled,17275.71
247,339,2024-03-24,Delivered,19568.52
248,283,2024-03-17,Delivered,711.72
249,231,2025-12-06,Shipped,37857.51
250,17,2024-08-25,Delivered,56702.7
251,360,2025-04-09,Delivered,55146.79
252,474,2024-09-27,Returned,63403.99
253,302,2025-11-08,Returned,74726.58
254,218,2024-04-27,Shipped,18371.58
255,77,2024-09-29,Returned,11806.93
256,31,2024-06-18,Returned,24954.45
257,384,2025-08-05,Delivered,35412.14
258,240,2025-12-06,Delivered,56128.53
259,483,2024-10-05,Shipped,43428.07
260,225,2024-03-23,Shipped,3667.97
261,222,2024-11-26,Shipped,20403.5
262,47,2024-08-22,Cancelled,66958.55
263,295,2025-08-24,Delivered,79966.01
264,345,2024-10-02,Shipped,3697.46
265,388,2024-06-28,Delivered,41757.14
266,227,2024-10-11,Delivered,79757.16
267,224,2025-10-12,Returned,39591.69
268,47,2025-04-26,Delivered,32963.08
269,165,2025-11-17,Delivered,68689.64
270,169,2025-02-25,Cancelled,39889.28
271,340,2025-02-14,Returned,60959.49
272,19,2025-04-10,Delivered,25503.43
273,166,2024-04-28,Returned,32631.32
274,264,2024-01-02,Cancelled,69614.58
275,237,2025-02-27,Delivered,15412
276,186,2025-09-29,Returned,40129.7
277,227,2024-02-22,Delivered,21730.24
278,68,2024-10-21,Delivered,70527.19
279,249,2024-05-04,Delivered,77865.15
280,312,2024-09-02,Cancelled,13090.22
281,283,2024-01-15,Shipped,32934.67
282,116,2024-04-26,Delivered,75791.28
283,332,2024-06-06,Delivered,74645.85
284,150,2025-06-05,Cancelled,22236.55
285,428,2025-05-09,Delivered,19875.85
286,283,2024-05-28,Delivered,15652.72
287,307,2025-06-04,Cancelled,70406.32
288,443,2024-03-12,Delivered,61927.45
289,438,2025-02-28,Delivered,74772.68
290,260,2024-09-30,Returned,702.94
291,372,2024-11-01,Returned,47161.14
292,338,2025-05-16,Returned,12312.48
293,276,2025-05-10,Delivered,26928.31
294,391,2025-07-10,Delivered,36699.35
295,165,2024-07-12,Cancelled,19484.28
296,197,2024-08-27,Returned,62155.56
297,23,2024-11-21,Cancelled,38101.08
298,468,2025-01-25,Delivered,79078.9
299,406,2025-10-29,Delivered,39878.12
300,19,2024-05-09,Shipped,77245.58
301,170,2024-04-12,Returned,67680.48
302,52,2025-06-22,Delivered,1719.15
303,74,2025-02-23,Returned,52554.77
304,80,2024-03-17,Delivered,62631.04
305,136,2024-12-12,Shipped,55569.71
306,333,2024-03-23,Returned,26620.29
307,346,2025-06-30,Delivered,76354.05
308,321,2025-05-14,Returned,43510.31
309,317,2024-03-11,Delivered,50676.93
310,472,2024-10-21,Delivered,59867.67
311,223,2024-04-10,Returned,50882.59
312,447,2024-04-12,Delivered,13725.17
313,154,2024-01-30,Delivered,26287.11
314,29,2024-10-27,Delivered,30299.24
315,75,2024-09-07,Shipped,33257.53
316,350,2024-07-03,Delivered,14417.19
317,313,2025-01-26,Shipped,54808.88
318,255,2025-08-20,Delivered,18958.21
319,327,2024-09-17,Delivered,20797.73
320,5,2025-04-21,Delivered,54369.74
321,81,2024-03-16,Delivered,75646.18
322,301,2024-11-02,Cancelled,76981.27
323,354,2024-09-13,Delivered,67701.51
324,102,2025-01-28,Returned,38914.52
325,122,2025-01-25,Shipped,29036.61
326,152,2025-12-17,Delivered,2243.22
327,425,2025-11-05,Delivered,22320.46
328,290,2025-12-03,Returned,59700.92
329,26,2025-09-12,Cancelled,39989.32
330,463,2024-10-20,Returned,64009.18
331,311,2024-12-26,Delivered,51110.76
332,318,2024-09-13,Cancelled,60568.15
333,393,2025-11-06,Cancelled,67147.64
334,322,2024-04-09,Cancelled,51883.72
335,159,2025-03-27,Delivered,46575.7
336,375,2024-05-14,Delivered,72815.32
337,168,2025-03-01,Delivered,16462.39
338,403,2025-07-06,Delivered,42702.29
339,468,2024-10-06,Returned,13580.45
340,468,2025-05-08,Returned,23963.04
341,446,2024-12-12,Returned,9655.11
342,494,2024-03-18,Delivered,60454.8
343,116,2025-11-23,Cancelled,54114.97
344,204,2025-07-24,Delivered,7678.17
345,203,2024-01-15,Delivered,43157.04
346,233,2025-01-12,Cancelled,60046.17
347,135,2025-08-21,Delivered,65882
348,482,2025-01-15,Delivered,54149.18
349,242,2024-01-26,Shipped,70796.55
350,288,2024-12-01,Shipped,18097.91
351,33,2025-10-12,Returned,37408.73
352,359,2024-11-05,Cancelled,32958.93
353,72,2024-02-16,Delivered,24696.29
354,253,2024-04-28,Delivered,19165.84
355,276,2024-05-18,Delivered,36564.13
356,344,2025-12-14,Shipped,33820
357,381,2024-06-07,Delivered,52565.95
358,427,2025-05-16,Shipped,32944.62
359,488,2024-10-13,Delivered,55377
360,112,2025-03-30,Delivered,76069.09
361,438,2025-01-06,Delivered,78483.73
362,189,2025-07-11,Cancelled,29013.93
363,204,2024-10-09,Delivered,77472.41
364,486,2025-04-10,Delivered,53189.78
365,329,2025-10-16,Shipped,77701.89
366,26,2024-12-07,Delivered,79111.25
367,403,2025-08-01,Delivered,5953.58
368,392,2025-07-21,Delivered,47117.04
369,417,2024-08-26,Delivered,62062.08
370,404,2025-09-02,Delivered,22542.63
371,75,2024-05-13,Shipped,20426.26
372,90,2024-04-22,Cancelled,69382.47
373,68,2024-01-16,Delivered,63303.57
374,122,2025-08-25,Delivered,1753.61
375,136,2024-02-23,Delivered,59466.33
376,270,2024-04-26,Cancelled,5551.93
377,230,2025-01-05,Shipped,47696.04
378,232,2025-05-30,Delivered,75660.49
379,23,2025-11-05,Shipped,24478.91
380,330,2024-02-01,Delivered,79887.65
381,434,2025-02-15,Delivered,55044.44
382,252,2025-12-30,Delivered,6341.59
383,42,2024-11-25,Shipped,12291.69
384,65,2024-10-08,Shipped,50829.23
385,281,2025-12-30,Delivered,30781.28
386,306,2025-06-27,Delivered,36569.83
387,310,2025-03-16,Delivered,63550.93
388,59,2025-11-01,Cancelled,70277.52
389,283,2024-08-08,Delivered,36398.07
390,117,2025-02-27,Delivered,66279.66
391,205,2025-03-01,Cancelled,8058.42
392,219,2024-11-16,Cancelled,20762.99
393,489,2024-06-05,Cancelled,73877.23
394,35,2024-04-03,Returned,7285.55
395,222,2024-04-08,Cancelled,59234.02
396,416,2024-05-13,Shipped,5267.55
397,490,2025-07-29,Shipped,26706.19
398,63,2025-02-24,Delivered,69951.66
399,482,2025-03-09,Returned,73309.49
400,27,2024-10-21,Shipped,25339
401,54,2025-08-14,Shipped,17411.95
402,337,2025-05-08,Delivered,67858.2
403,180,2025-07-23,Delivered,9632.5
404,143,2025-08-10,Delivered,64673.91
405,433,2025-07-28,Returned,65564.75
406,315,2025-11-22,Cancelled,44760.37
407,312,2025-11-04,Returned,55630.65
408,15,2024-07-03,Delivered,56364.26
409,159,2024-12-13,Delivered,984.42
410,446,2024-05-26,Shipped,52758.56
411,36,2024-05-25,Cancelled,50836.81
412,16,2024-04-03,Cancelled,42672.9
413,193,2025-03-05,Delivered,27600.57
414,190,2024-11-15,Cancelled,26287.76
415,483,2025-08-04,Shipped,7253.17
416,27,2024-06-08,Delivered,60477.41
417,26,2025-11-21,Delivered,22131.45
418,339,2025-03-10,Delivered,48762.15
419,213,2024-10-06,Delivered,60517.73
420,59,2024-12-19,Delivered,9314.85
421,348,2025-11-25,Shipped,39186.79
422,342,2024-11-11,Delivered,18030.44
423,307,2024-02-26,Delivered,16750.84
424,485,2024-08-04,Returned,11409.3
425,131,2024-10-23,Delivered,10037.88
426,255,2025-03-16,Delivered,10769.39
427,273,2025-12-21,Delivered,40270.36
428,427,2025-11-15,Returned,28655.64
429,204,2024-02-13,Delivered,1988.97
430,472,2024-03-20,Returned,25387.63
431,220,2025-08-10,Delivered,56904.88
432,214,2024-10-23,Delivered,32699.47
433,495,2024-11-28,Delivered,64204.91
434,317,2025-04-16,Returned,55323.69
435,186,2024-03-31,Delivered,67636.35
436,125,2025-03-22,Shipped,32335.16
437,41,2025-02-09,Returned,25166.14
438,174,2024-08-14,Delivered,62439.65
439,40,2025-06-06,Cancelled,9564.23
440,262,2024-07-17,Returned,28274.68
441,373,2025-10-22,Returned,12240.49
442,53,2024-05-29,Delivered,16182.31
443,309,2024-06-05,Returned,60852.37
444,39,2024-06-30,Returned,50421.56
445,238,2025-07-31,Returned,46567.29
446,349,2025-08-01,Cancelled,51005.85
447,320,2024-11-26,Returned,77692.33
448,162,2024-06-03,Delivered,5927.83
449,227,2025-10-08,Delivered,63808.01
450,303,2024-02-27,Delivered,40832.79
451,159,2025-04-17,Delivered,3488.81
452,189,2024-10-20,Delivered,51750.63
453,438,2024-04-02,Shipped,47728.94
454,197,2025-04-18,Shipped,44567.71
455,406,2024-02-12,Delivered,72769.38
456,293,2025-10-29,Delivered,26060.7
457,244,2025-05-28,Delivered,76638.89
458,231,2024-04-15,Returned,71980.48
459,176,2024-03-27,Shipped,51866.75
460,21,2024-09-10,Cancelled,35301.22
461,225,2025-06-20,Shipped,48979.14
462,187,2025-01-16,Delivered,31299
463,397,2024-12-12,Cancelled,48031.52
464,405,2025-10-08,Cancelled,27103.96
465,169,2024-04-06,Shipped,54430.84
466,146,2024-09-15,Cancelled,68199.37
467,494,2025-09-09,Returned,12453.83
468,42,2025-08-19,Cancelled,11742.7
469,180,2024-11-13,Cancelled,56028.86
470,201,2024-05-12,Shipped,56852.01
471,44,2024-11-13,Shipped,30445.38
472,406,2024-12-02,Returned,10658.73
473,360,2025-12-02,Shipped,7928.6
474,344,2025-03-09,Shipped,29264.7
475,186,2024-11-12,Delivered,76117.91
476,175,2025-05-12,Delivered,18509.4
477,71,2024-06-07,Delivered,24014.77
478,404,2024-04-13,Shipped,61784.31
479,428,2025-06-23,Delivered,53123.04
480,449,2025-09-24,Delivered,47980.69
481,79,2024-06-15,Delivered,66591.76
482,395,2025-10-01,Returned,72261.05
483,370,2025-03-24,Delivered,33162.67
484,347,2024-08-31,Delivered,49041.95
485,386,2025-04-04,Delivered,42953.42
486,159,2025-04-25,Returned,15923.48
487,348,2025-08-07,Delivered,37203.02
488,145,2025-01-26,Shipped,42432.58
489,495,2024-06-14,Returned,16375.17
490,310,2024-05-21,Returned,20374.51
491,329,2025-05-07,Returned,30010.73
492,479,2024-04-15,Cancelled,67748.28
493,436,2024-05-07,Delivered,7167.16
494,83,2024-10-06,Delivered,72471.75
495,76,2025-03-23,Delivered,75739.8
496,114,2025-04-06,Delivered,74472.45
497,213,2024-02-24,Delivered,40409.07
498,121,2025-01-30,Delivered,30304.93
499,15,2024-11-22,Delivered,67214.35
500,333,2024-12-09,Returned,12110.07
501,20,2024-10-20,Returned,38059.64
502,426,2024-05-22,Returned,56589.83
503,230,2025-09-22,Delivered,72515.58
504,10,2024-09-19,Delivered,66879.4
505,281,2025-09-15,Shipped,34148.18
506,398,2024-10-22,Delivered,24440.82
507,25,2024-09-01,Delivered,51296.3
508,319,2025-04-13,Delivered,9312.31
509,464,2025-05-26,Shipped,43115.81
510,324,2025-06-11,Shipped,19733.32
511,74,2024-10-25,Delivered,623.37
512,181,2024-09-03,Shipped,33616.54
513,341,2025-11-15,Delivered,42116.55
514,185,2024-03-10,Shipped,43754.06
515,403,2025-06-03,Shipped,2115.6
516,448,2025-04-26,Delivered,51035.46
517,192,2024-09-16,Cancelled,1790.27
518,404,2024-03-10,Delivered,19668.75
519,337,2025-10-05,Delivered,61834.13
520,377,2024-12-06,Delivered,4023.73
521,280,2024-12-12,Returned,51601.89
522,426,2025-12-02,Delivered,78475.11
523,246,2025-10-08,Delivered,65013.88
524,33,2025-04-13,Delivered,23827.98
525,23,2024-07-23,Delivered,25589.18
526,159,2025-06-11,Delivered,79135.24
527,279,2025-04-29,Delivered,3410.39
528,332,2024-07-14,Delivered,28878.8
529,400,2024-02-18,Returned,52630.3
530,140,2024-05-07,Returned,29756.89
531,456,2025-02-13,Cancelled,35458.5
532,490,2025-01-30,Delivered,77911
533,255,2025-12-09,Delivered,29703.45
534,409,2025-06-15,Delivered,64191.07
535,373,2025-03-10,Delivered,34732.7
536,422,2024-07-03,Shipped,23853.72
537,53,2024-03-22,Delivered,53042.74
538,157,2025-04-01,Shipped,57553.92
539,86,2025-12-07,Delivered,28447.34
540,22,2024-12-27,Shipped,79852.97
541,141,2025-10-16,Returned,75858.35
542,39,2025-11-18,Cancelled,32793.12
543,263,2025-11-26,Delivered,76246.71
544,74,2025-09-14,Cancelled,62614.08
545,18,2024-05-09,Delivered,19260.87
546,331,2025-01-10,Delivered,30936.31
547,291,2024-02-03,Shipped,12697.49
548,231,2025-01-14,Delivered,35792.62
549,40,2025-08-10,Delivered,42591.59
550,204,2024-11-17,Cancelled,22655.12
551,492,2024-04-26,Delivered,58985.89
552,256,2025-06-14,Delivered,73126.54
553,61,2024-09-25,Returned,21192.3
554,229,2024-08-07,Shipped,23202.65
555,470,2025-05-17,Delivered,10248.8
556,437,2024-03-16,Delivered,14225.35
557,366,2025-03-31,Delivered,64935.61
558,496,2024-11-23,Cancelled,28119.66
559,34,2025-07-17,Shipped,23583.09
560,154,2024-06-10,Cancelled,56910.03
561,359,2025-10-15,Delivered,63598.66
562,261,2024-08-17,Delivered,78818.02
563,406,2024-05-22,Delivered,63334.45
564,14,2025-01-04,Shipped,45995.63
565,240,2025-07-18,Delivered,49149.51
566,45,2024-03-08,Delivered,32153.12
567,368,2025-05-05,Shipped,33157.62
568,210,2025-08-11,Delivered,10462.6
569,163,2025-10-19,Delivered,36272.42
570,349,2025-06-13,Delivered,10701.73
571,425,2025-07-18,Cancelled,47228.57
572,394,2024-05-12,Delivered,40477.17
573,445,2024-02-26,Returned,10369.93
574,79,2024-11-07,Delivered,13375.54
575,479,2025-12-27,Delivered,28008.18
576,482,2025-06-15,Delivered,67751.58
577,129,2024-07-20,Cancelled,76529.91
578,141,2024-05-08,Cancelled,24573.86
579,274,2024-04-05,Shipped,51458.14
580,304,2025-08-17,Delivered,14109.62
581,320,2025-09-11,Delivered,67480.98
582,289,2024-02-12,Returned,69170.47
583,42,2024-02-16,Cancelled,61796.05
584,136,2025-10-28,Delivered,61473.01
585,214,2025-09-24,Cancelled,2906.76
586,456,2025-10-04,Shipped,23528.19
587,490,2024-11-05,Delivered,19967.04
588,414,2025-12-02,Delivered,24145.29
589,38,2025-12-06,Delivered,13066.55
590,213,2025-05-10,Delivered,16719.03
591,311,2024-05-27,Delivered,68987.93
592,164,2024-12-19,Delivered,10895.04
593,190,2025-06-11,Shipped,8940.73
594,124,2025-04-22,Delivered,21763.27
595,127,2024-05-24,Delivered,4522.17
596,485,2025-01-28,Returned,49422.12
597,128,2024-06-12,Returned,26530.48
598,296,2024-11-16,Delivered,61167.91
599,256,2025-06-11,Delivered,40150.9
600,158,2025-05-24,Delivered,7657.99
601,202,2025-06-01,Delivered,77351.55
602,111,2025-08-20,Delivered,4367.37
603,145,2025-05-21,Shipped,70645.87
604,335,2025-11-19,Delivered,23216.28
605,5,2024-04-20,Delivered,11146.96
606,136,2025-01-09,Returned,32558.1
607,24,2025-02-14,Delivered,45836.96
608,100,2025-01-06,Shipped,23443.12
609,198,2025-05-31,Delivered,61269.89
610,144,2025-09-30,Cancelled,49077.54
611,66,2024-04-09,Delivered,30168.64
612,174,2025-07-25,Delivered,60519.49
613,102,2025-09-08,Shipped,32409.67
614,21,2024-02-16,Delivered,11393.53
615,171,2025-04-30,Shipped,36830.05
616,311,2025-06-11,Delivered,26572.61
617,314,2024-11-22,Delivered,31739.28
618,316,2024-11-02,Shipped,27241.03
619,425,2025-06-05,Shipped,39442.3
620,289,2024-11-02,Delivered,65351.85
621,189,2024-12-05,Cancelled,9212.67
622,214,2025-08-20,Delivered,63841.8
623,372,2025-12-05,Cancelled,2617.48
624,243,2024-09-28,Cancelled,62740.65
625,398,2025-08-15,Shipped,18588.91
626,27,2025-08-20,Delivered,14054.88
627,323,2025-09-26,Returned,67372.63
628,76,2025-11-28,Delivered,3008.89
629,486,2025-12-18,Delivered,15666.54
630,226,2024-11-17,Delivered,12537.94
631,354,2024-07-27,Delivered,40394.15
632,314,2025-04-27,Returned,67945.82
633,373,2024-03-04,Cancelled,11476.7
634,107,2025-07-28,Delivered,79850.77
635,245,2025-06-22,Delivered,25442.65
636,89,2025-04-15,Shipped,27714.34
637,182,2025-11-23,Returned,69478.39
638,349,2025-10-20,Returned,55618.1
639,313,2025-05-10,Delivered,76608.28
640,143,2025-07-25,Delivered,18376.15
641,499,2024-10-31,Returned,23475.12
642,107,2025-12-07,Cancelled,39375.23
643,246,2024-12-23,Shipped,74729.11
644,408,2024-10-07,Delivered,10188.11
645,347,2025-07-10,Delivered,71712.85
646,203,2024-12-19,Returned,64466.76
647,149,2024-02-13,Delivered,76447.4
648,41,2024-12-20,Delivered,52649.43
649,383,2025-05-05,Delivered,16563.61
650,276,2024-10-04,Shipped,55845.31
651,71,2024-04-21,Shipped,59400.57
652,123,2024-09-05,Delivered,53751.47
653,272,2024-08-19,Cancelled,19009.74
654,52,2025-02-27,Delivered,57529.68
655,52,2025-11-28,Returned,11427.77
656,494,2025-07-17,Delivered,32848.55
657,479,2025-05-02,Delivered,52217.48
658,388,2024-10-21,Delivered,23189.81
659,31,2024-04-01,Cancelled,46143.18
660,274,2024-02-08,Delivered,33721.27
661,429,2024-06-29,Delivered,79775.16
662,204,2025-05-22,Delivered,74960.33
663,493,2024-10-23,Delivered,1235.75
664,291,2025-09-09,Delivered,74312.09
665,172,2024-10-18,Delivered,79133.4
666,279,2025-06-20,Delivered,71196.06
667,69,2025-05-31,Delivered,22189.82
668,415,2024-04-25,Delivered,13417.46
669,235,2025-10-25,Delivered,57628.27
670,8,2024-12-11,Returned,23953.72
671,346,2024-07-16,Delivered,49070.49
672,328,2025-02-19,Returned,34501.84
673,168,2024-03-29,Delivered,53705.51
674,95,2024-05-23,Delivered,26225.66
675,128,2024-01-07,Delivered,30993.55
676,229,2024-09-30,Delivered,24504
677,371,2025-08-09,Delivered,21292.74
678,185,2025-12-10,Delivered,5437.95
679,61,2025-04-21,Delivered,13196.65
680,352,2025-05-29,Cancelled,61702.13
681,354,2024-04-30,Cancelled,73332.28
682,152,2025-01-11,Shipped,18056.74
683,491,2024-05-16,Delivered,12677.41
684,383,2025-09-12,Delivered,33559.14
685,282,2025-04-27,Returned,43232.19
686,341,2024-08-11,Returned,20172.75
687,387,2025-09-02,Returned,63095.76
688,270,2025-04-02,Shipped,56449.11
689,40,2025-07-31,Delivered,5408.83
690,281,2025-06-01,Delivered,46029.36
691,77,2024-06-17,Delivered,68431.49
692,227,2024-04-29,Cancelled,16828.62
693,299,2025-05-15,Delivered,71961.6
694,229,2024-02-26,Delivered,10988.71
695,213,2025-04-12,Shipped,5089.13
696,237,2025-11-19,Returned,24998.79
697,12,2025-02-09,Delivered,65407.85
698,382,2024-08-11,Shipped,6304.92
699,217,2024-12-18,Cancelled,5567.98
700,31,2024-03-11,Delivered,3021.95
701,210,2024-07-03,Returned,11265.73
702,329,2025-10-23,Delivered,30269.02
703,457,2025-01-26,Delivered,69634.68
704,465,2025-01-21,Delivered,6878.95
705,494,2025-11-08,Returned,43373.91
706,335,2024-12-22,Delivered,14687.83
707,276,2025-02-06,Shipped,10623.22
708,115,2024-01-04,Returned,2306.48
709,153,2025-04-19,Cancelled,57667.69
710,218,2025-06-28,Delivered,65956.98
711,127,2025-04-16,Delivered,12831.3
712,97,2024-04-25,Delivered,64853.33
713,215,2025-09-21,Returned,74930.85
714,456,2024-01-17,Delivered,16882.7
715,52,2025-08-31,Delivered,35991.51
716,345,2025-12-21,Returned,4368.82
717,380,2024-02-15,Delivered,35396.98
718,277,2024-08-10,Returned,69166.42
719,29,2024-05-23,Shipped,79481.93
720,120,2025-08-12,Delivered,46408.83
721,396,2025-11-19,Returned,25992.2
722,155,2024-05-26,Cancelled,41938.98
723,212,2024-11-03,Delivered,5345.19
724,486,2025-08-28,Cancelled,72970.34
725,321,2025-11-26,Delivered,44689.68
726,25,2024-12-18,Cancelled,53871.4
727,403,2025-06-21,Delivered,55856.21
728,210,2024-06-01,Delivered,30427.96
729,387,2025-07-04,Delivered,19656.21
730,116,2024-11-03,Returned,56752.06
731,413,2025-04-19,Delivered,45209.25
732,496,2025-03-02,Shipped,42633.88
733,199,2024-09-05,Delivered,16664.47
734,332,2024-03-21,Delivered,67846.95
735,48,2025-07-02,Cancelled,66437.63
736,27,2024-10-01,Delivered,54056.59
737,309,2024-02-10,Returned,6285.43
738,412,2025-08-24,Cancelled,53879.99
739,112,2025-05-05,Delivered,69623.04
740,171,2024-11-06,Delivered,17337.93
741,98,2024-04-30,Cancelled,79965.97
742,246,2024-09-05,Cancelled,48549.53
743,105,2025-02-10,Delivered,44389.86
744,398,2024-10-16,Delivered,37566.38
745,333,2025-01-02,Delivered,21293.41
746,263,2025-05-24,Delivered,8338.45
747,370,2025-04-25,Returned,67258.47
748,469,2024-07-27,Delivered,25376.61
749,24,2025-07-30,Returned,18090.51
750,75,2024-01-17,Delivered,44487.82
751,300,2025-08-16,Cancelled,33696.87
752,79,2024-07-19,Delivered,18785.71
753,292,2024-09-08,Delivered,44275.63
754,484,2025-12-02,Delivered,20956.73
755,421,2025-05-15,Cancelled,51514.35
756,252,2025-04-16,Delivered,58755.13
757,181,2024-06-22,Delivered,57764.65
758,251,2024-07-07,Shipped,79230.71
759,491,2024-03-01,Shipped,3188.02
760,434,2024-03-17,Returned,53622.8
761,392,2024-01-07,Delivered,11429.71
762,323,2024-08-24,Delivered,56719.69
763,5,2024-08-11,Shipped,36752.22
764,31,2025-09-24,Cancelled,53506.67
765,316,2025-05-09,Cancelled,39283.91
766,4,2025-06-28,Shipped,33200.82
767,9,2025-06-26,Cancelled,22341.16
768,147,2024-01-18,Shipped,65145.81
769,346,2025-03-16,Returned,75207.04
770,92,2024-04-19,Delivered,42188.16
771,124,2024-07-15,Shipped,42352.78
772,418,2024-12-28,Delivered,63697.23
773,41,2025-01-17,Delivered,36989.78
774,125,2025-12-14,Delivered,24347.28
775,424,2024-03-23,Cancelled,79338.13
776,333,2024-02-02,Delivered,32719.03
777,194,2025-07-19,Delivered,4960.19
778,5,2025-12-20,Delivered,7072.63
779,433,2025-03-20,Cancelled,62857.7
780,290,2024-04-07,Shipped,73572.52
781,118,2024-08-04,Returned,55536.57
782,291,2025-05-01,Delivered,4200.72
783,39,2025-12-01,Delivered,71995.18
784,289,2025-11-04,Delivered,14757.86
785,436,2024-11-18,Delivered,76936.76
786,301,2024-05-27,Returned,65744.73
787,421,2025-02-11,Delivered,24291.81
788,289,2024-09-03,Shipped,66854.55
789,200,2025-11-24,Shipped,26871.85
790,387,2024-05-23,Returned,79083.99
791,371,2024-03-21,Shipped,59763.54
792,178,2024-02-24,Delivered,35247.95
793,430,2024-03-18,Delivered,48610.52
794,315,2025-09-01,Delivered,77529.15
795,168,2024-01-31,Cancelled,22228.77
796,231,2025-05-17,Delivered,28786.35
797,482,2025-01-19,Delivered,15265.34
798,300,2025-11-07,Delivered,7311.77
799,317,2024-10-29,Returned,20092
800,38,2024-03-25,Delivered,12759.72
801,365,2025-10-11,Delivered,59302.34
802,163,2025-01-04,Delivered,7774.97
803,483,2024-11-11,Delivered,29112.8
804,139,2024-04-14,Delivered,7439.22
805,221,2025-04-04,Shipped,44601.38
806,209,2024-04-15,Delivered,7623.79
807,284,2024-04-05,Shipped,48044.08
808,167,2025-01-29,Delivered,23701.16
809,199,2024-03-27,Cancelled,72140.22
810,464,2024-09-05,Shipped,41927.33
811,351,2025-01-24,Delivered,11536.92
812,155,2024-10-01,Delivered,12100.96
813,86,2025-03-21,Delivered,33977.06
814,248,2024-03-19,Delivered,20509.38
815,127,2025-10-02,Delivered,47707.2
816,101,2025-04-13,Delivered,11270.55
817,4,2025-02-09,Delivered,67408.11
818,195,2024-12-03,Delivered,27110.86
819,418,2025-10-28,Shipped,11321.03
820,165,2025-09-09,Cancelled,16466.89
821,161,2024-06-30,Delivered,77513.62
822,150,2025-12-12,Cancelled,39534.57
823,295,2024-09-05,Delivered,30395.77
824,419,2025-02-06,Delivered,9553.2
825,289,2024-07-23,Shipped,79782.56
826,93,2025-11-29,Returned,44232.43
827,488,2025-04-17,Cancelled,17166.26
828,409,2024-10-25,Returned,55580.1
829,420,2025-02-22,Cancelled,40194.1
830,325,2024-11-06,Delivered,20587.45
831,79,2025-03-09,Returned,30470.15
832,230,2025-09-04,Delivered,46787.98
833,274,2025-06-02,Returned,55490.55
834,279,2024-02-07,Returned,77490
835,360,2025-07-03,Shipped,51234.98
836,44,2024-04-21,Returned,20233.61
837,341,2024-12-29,Delivered,51936.13
838,23,2025-07-30,Cancelled,54358.69
839,205,2024-12-05,Returned,34720.65
840,6,2024-04-10,Delivered,18148.31
841,383,2025-06-15,Shipped,46650.79
842,295,2024-08-14,Delivered,30241.88
843,238,2025-11-26,Shipped,55389.46
844,78,2024-12-19,Delivered,38879.78
845,152,2025-03-01,Delivered,9726.63
846,482,2024-05-25,Delivered,25294.59
847,234,2024-07-30,Shipped,38892.1
848,244,2024-04-09,Delivered,57898.24
849,232,2024-11-22,Delivered,24370.29
850,415,2025-12-28,Delivered,2294.54
851,176,2025-10-25,Delivered,54332.25
852,85,2024-09-06,Shipped,14368.21
853,82,2024-12-04,Shipped,34395.79
854,237,2024-08-25,Returned,32700.68
855,95,2024-07-09,Cancelled,52755.64
856,203,2024-01-30,Cancelled,49321.12
857,102,2025-04-05,Shipped,34648.88
858,3,2025-12-22,Delivered,16859.07
859,386,2025-12-21,Returned,63782.44
860,296,2024-04-14,Returned,69822.23
861,96,2025-01-09,Delivered,16166.6
862,59,2024-09-25,Cancelled,69079.47
863,271,2025-10-16,Delivered,47958.78
864,313,2025-02-05,Shipped,9580.56
865,181,2025-04-13,Shipped,14215.11
866,345,2025-12-23,Returned,24146.16
867,315,2025-08-27,Delivered,53932.42
868,161,2024-04-30,Delivered,24777.02
869,94,2025-01-17,Cancelled,11737.15
870,199,2025-03-04,Shipped,11459.59
871,197,2025-03-09,Delivered,39189.77
872,276,2025-12-11,Cancelled,74490.18
873,89,2025-07-22,Delivered,39426.03
874,72,2024-07-10,Delivered,67437.67
875,318,2024-02-24,Returned,29042.97
876,5,2025-05-11,Delivered,16011.91
877,197,2025-07-29,Shipped,52418.7
878,210,2025-12-02,Delivered,33542.04
879,431,2025-03-30,Delivered,13795.82
880,290,2024-02-01,Returned,61003.76
881,150,2024-02-03,Delivered,18374.28
882,148,2024-06-21,Returned,36856.51
883,381,2025-05-22,Shipped,41108.59
884,294,2024-04-26,Delivered,62121.26
885,422,2025-01-10,Shipped,65897.39
886,22,2025-03-27,Shipped,17873.3
887,218,2024-04-14,Cancelled,66490.45
888,385,2024-09-10,Delivered,70047.26
889,17,2025-04-05,Delivered,28211.22
890,419,2024-03-30,Delivered,69290.46
891,61,2024-08-30,Delivered,64950.68
892,302,2025-12-06,Delivered,68953.23
893,313,2025-10-09,Delivered,13694.7
894,72,2024-07-30,Returned,16951.15
895,31,2025-08-06,Delivered,42815.86
896,306,2025-07-05,Delivered,26229.79
897,361,2024-10-26,Delivered,46032.05
898,488,2025-06-10,Cancelled,65306.7
899,70,2025-02-25,Delivered,79402.65
900,444,2025-11-02,Delivered,56263.11
901,68,2024-09-12,Delivered,57055.6
902,425,2024-09-10,Returned,67562.52
903,202,2025-05-16,Delivered,46404.91
904,138,2025-10-04,Delivered,30325.58
905,39,2025-10-10,Returned,70469.82
906,48,2025-02-16,Shipped,60109.04
907,356,2025-01-12,Delivered,76045.15
908,168,2025-08-18,Delivered,69578.04
909,434,2024-04-05,Cancelled,77785.92
910,326,2025-11-11,Cancelled,28978.07
911,33,2025-07-01,Delivered,17816.7
912,220,2024-08-04,Delivered,21847.95
913,425,2024-10-17,Delivered,44010.73
914,67,2025-08-02,Returned,39083.85
915,176,2025-11-29,Returned,4347.58
916,51,2025-10-03,Returned,67017.66
917,9,2024-05-07,Returned,13058.85
918,234,2024-01-01,Delivered,16583.5
919,353,2024-05-15,Cancelled,24497.61
920,448,2024-10-07,Delivered,52539.4
921,129,2024-03-25,Delivered,53328.12
922,333,2024-06-18,Delivered,32008.55
923,157,2025-12-17,Returned,19113.67
924,336,2024-04-03,Cancelled,8066.2
925,110,2025-05-03,Delivered,11048.77
926,116,2025-06-15,Cancelled,35882.26
927,5,2025-12-13,Delivered,65459.98
928,441,2025-03-08,Cancelled,11007.06
929,37,2024-08-22,Delivered,7600.91
930,413,2024-04-14,Delivered,25410.76
931,452,2024-11-02,Delivered,30925.71
932,417,2024-05-16,Cancelled,79438.74
933,74,2024-03-11,Shipped,45281.21
934,313,2025-10-27,Delivered,35487.34
935,370,2024-08-06,Cancelled,59987.12
936,471,2025-02-25,Shipped,55081.7
937,441,2024-08-10,Delivered,71779.04
938,72,2024-05-06,Shipped,58535.46
939,180,2025-03-15,Delivered,63390.39
940,127,2024-10-10,Cancelled,7196.86
941,284,2025-09-07,Shipped,57833.5
942,146,2025-12-08,Delivered,67907.27
943,338,2024-11-04,Delivered,41660.57
944,261,2024-07-12,Cancelled,31643.6
945,331,2024-02-25,Returned,71883.95
946,489,2024-09-02,Delivered,31177.29
947,124,2025-05-26,Cancelled,47717.01
948,271,2024-01-13,Delivered,74746.92
949,68,2025-01-31,Returned,67198.22
950,216,2025-01-09,Shipped,54793.58
951,391,2025-04-27,Returned,6301.92
952,301,2024-03-10,Delivered,21342.99
953,21,2024-03-02,Returned,32138.41
954,147,2025-10-05,Cancelled,40332.89
955,213,2025-03-09,Cancelled,32480.46
956,328,2025-07-03,Shipped,49475.36
957,143,2024-03-26,Delivered,6781.29
958,472,2024-07-27,Returned,12851.64
959,168,2025-02-04,Shipped,50926.03
960,428,2025-10-27,Cancelled,51630.43
961,159,2025-12-16,Delivered,58531.42
962,434,2024-09-01,Delivered,19935.38
963,474,2025-03-20,Delivered,36542.51
964,312,2024-02-26,Delivered,53452.99
965,337,2024-06-28,Delivered,1505.88
966,71,2025-12-19,Delivered,13523.86
967,488,2024-12-21,Shipped,41618.73
968,422,2024-09-22,Delivered,30062.99
969,384,2024-10-02,Cancelled,70969.86
970,395,2024-01-31,Delivered,64664.88
971,140,2025-06-20,Delivered,21403.76
972,500,2025-08-13,Cancelled,6626.14
973,234,2025-06-07,Delivered,4906.46
974,440,2025-08-03,Delivered,29730.55
975,131,2024-04-15,Shipped,54092.25
976,60,2024-08-21,Cancelled,40951.09
977,23,2024-01-13,Delivered,4154.58
978,187,2025-01-27,Delivered,14726.57
979,492,2024-02-06,Shipped,64347.48
980,366,2025-11-02,Delivered,18348.19
981,128,2025-03-02,Cancelled,25934.16
982,423,2024-03-20,Shipped,30137.62
983,258,2025-11-20,Delivered,14757.06
984,412,2025-06-12,Delivered,76349.27
985,36,2025-04-21,Returned,22942.68
986,433,2024-11-14,Delivered,7366.74
987,234,2024-01-09,Delivered,16452.56
988,289,2024-11-07,Cancelled,50005.67
989,238,2025-01-12,Shipped,77762.66
990,396,2024-07-19,Cancelled,72085.14
991,390,2024-09-08,Delivered,1006.05
992,210,2024-01-25,Delivered,43552.38
993,326,2025-12-11,Delivered,76103.68
994,1,2025-11-04,Delivered,67995.83
995,373,2024-11-10,Delivered,16812.16
996,122,2025-03-05,Delivered,76914.17
997,498,2024-05-25,Cancelled,22745.39
998,23,2024-08-25,Returned,41820.38
999,359,2025-01-16,Delivered,77977.08
1000,44,2025-08-17,Delivered,40681.01
1001,327,2025-02-07,Delivered,47555.31
1002,32,2025-03-21,Cancelled,77155.32
1003,122,2024-10-25,Delivered,68147.49
1004,475,2025-02-06,Cancelled,66635.87
1005,168,2024-11-21,Delivered,22119.76
1006,39,2024-07-26,Delivered,62504.77
1007,300,2024-04-21,Delivered,8898.9
1008,231,2025-04-22,Delivered,32817.15
1009,275,2025-01-01,Returned,17006.29
1010,158,2025-04-19,Delivered,68272.19
1011,47,2024-06-10,Returned,55041.05
1012,424,2025-12-22,Cancelled,48462.15
1013,111,2024-12-01,Delivered,7750.52
1014,128,2024-12-30,Delivered,41319.56
1015,347,2024-11-02,Delivered,65696.94
1016,90,2024-02-01,Delivered,68440.66
1017,285,2025-07-17,Delivered,8029.75
1018,53,2024-05-23,Delivered,1449.59
1019,426,2024-08-15,Delivered,16250.77
1020,206,2025-01-16,Cancelled,50608.29
1021,331,2024-03-27,Shipped,47096.03
1022,470,2024-03-17,Delivered,79774.33
1023,102,2025-10-23,Delivered,64839.05
1024,48,2024-12-05,Delivered,3893.4
1025,237,2024-02-21,Delivered,73968.4
1026,222,2025-02-08,Delivered,2842.87
1027,350,2025-03-12,Delivered,28637.84
1028,466,2024-07-10,Delivered,22747.72
1029,453,2024-06-01,Delivered,49321.09
1030,316,2024-09-08,Cancelled,23960.16
1031,211,2025-07-17,Delivered,5346.9
1032,144,2025-01-27,Delivered,33828.59
1033,330,2025-06-22,Delivered,50644.6
1034,411,2025-07-10,Returned,2051.65
1035,196,2025-12-31,Delivered,38634.39
1036,401,2025-05-11,Delivered,73057.74
1037,258,2024-11-25,Delivered,21998.91
1038,14,2024-11-22,Shipped,17911.32
1039,459,2024-10-14,Delivered,64787.79
1040,242,2025-06-26,Delivered,61463.72
1041,120,2024-06-12,Delivered,20203.88
1042,124,2024-09-29,Shipped,65394.49
1043,470,2024-02-27,Returned,79713.16
1044,113,2025-08-12,Returned,78621.82
1045,199,2024-12-29,Returned,79327.57
1046,89,2024-06-29,Delivered,47604.89
1047,413,2025-12-15,Delivered,73161.32
1048,15,2025-12-21,Cancelled,28458.08
1049,291,2025-07-31,Delivered,45266.72
1050,97,2025-05-19,Shipped,25069.03
1051,252,2024-02-08,Delivered,4964.41
1052,309,2024-08-12,Delivered,42352.18
1053,1,2024-12-05,Shipped,16515.62
1054,67,2024-12-14,Cancelled,14607.24
1055,411,2024-11-27,Delivered,2241.1
1056,301,2025-12-22,Delivered,62061.91
1057,434,2025-06-22,Returned,29508.11
1058,38,2025-01-17,Cancelled,75382.84
1059,203,2025-08-23,Delivered,27255.94
1060,166,2024-05-19,Delivered,58721.72
1061,224,2025-10-16,Delivered,52109.48
1062,90,2025-12-25,Shipped,55637.75
1063,476,2025-09-20,Returned,28866.99
1064,341,2025-08-26,Returned,14439.63
1065,158,2025-12-06,Delivered,10623.32
1066,374,2024-01-02,Cancelled,75921.45
1067,201,2025-08-04,Delivered,14974.68
1068,163,2025-09-18,Delivered,51351.56
1069,54,2025-05-23,Delivered,26827.22
1070,40,2024-08-31,Delivered,78599.16
1071,86,2025-10-13,Delivered,65821.94
1072,344,2025-10-16,Cancelled,70988.84
1073,229,2024-01-12,Delivered,17169.11
1074,355,2024-03-10,Delivered,20903.56
1075,56,2024-01-02,Delivered,31181.39
1076,376,2025-03-05,Delivered,70821.77
1077,253,2025-01-22,Delivered,43908.45
1078,52,2025-05-05,Returned,69191.9
1079,334,2025-12-04,Delivered,13430.36
1080,38,2024-02-04,Delivered,2095.22
1081,134,2024-04-17,Delivered,27673.09
1082,455,2025-01-19,Delivered,58692.55
1083,281,2024-04-05,Delivered,47725.02
1084,315,2025-05-09,Cancelled,2962.99
1085,483,2025-10-31,Delivered,48781.36
1086,223,2024-06-09,Delivered,8549.1
1087,106,2024-07-13,Delivered,55926.84
1088,370,2025-07-07,Delivered,53017.19
1089,153,2024-08-31,Delivered,4445.07
1090,293,2025-07-16,Returned,39529.88
1091,28,2025-01-04,Delivered,34494.1
1092,151,2025-11-08,Cancelled,48216.73
1093,103,2024-04-09,Delivered,16951.97
1094,327,2024-10-25,Delivered,38148.34
1095,60,2024-11-11,Returned,32098.05
1096,251,2025-11-07,Delivered,7744.47
1097,279,2025-01-31,Delivered,29995.5
1098,196,2025-01-13,Delivered,35938.58
1099,135,2025-03-26,Delivered,21439.63
1100,429,2024-10-02,Shipped,5399.39
1101,386,2025-12-14,Cancelled,8186.96
1102,343,2024-12-18,Returned,43544.74
1103,498,2025-08-26,Delivered,44510.91
1104,431,2025-01-31,Returned,42044.81
1105,495,2025-07-02,Cancelled,69417.94
1106,244,2025-08-09,Delivered,38362.33
1107,41,2025-02-08,Returned,57287.02
1108,258,2025-08-07,Shipped,64135.6
1109,347,2025-09-27,Delivered,10061.53
1110,388,2025-04-04,Delivered,75950.34
1111,86,2024-08-04,Returned,15820.92
1112,22,2025-03-09,Delivered,79068.24
1113,223,2024-07-25,Returned,50364.11
1114,428,2025-09-01,Delivered,25919.4
1115,373,2024-03-09,Delivered,31353.27
1116,204,2025-07-19,Delivered,68601.48
1117,267,2025-04-14,Returned,1481.93
1118,359,2025-09-30,Shipped,42043.2
1119,215,2024-04-25,Delivered,12395.71
1120,291,2025-08-25,Shipped,60790.76
1121,482,2024-04-12,Delivered,45232.92
1122,52,2024-10-19,Returned,43082.4
1123,177,2025-02-24,Delivered,30951.34
1124,249,2025-08-08,Shipped,38106.68
1125,89,2024-10-09,Delivered,11935.43
1126,312,2025-11-28,Cancelled,32436.13
1127,203,2024-12-05,Cancelled,19386.79
1128,382,2025-05-01,Delivered,71813.89
1129,11,2024-12-11,Returned,63595.13
1130,160,2024-10-14,Returned,39583.22
1131,357,2025-12-02,Delivered,77813.46
1132,117,2024-05-17,Delivered,77950.42
1133,227,2024-11-24,Delivered,58439.28
1134,310,2025-10-23,Delivered,15440.08
1135,109,2025-02-20,Cancelled,39014.08
1136,265,2025-01-17,Returned,4967.42
1137,406,2024-06-11,Delivered,25233.6
1138,260,2025-02-17,Delivered,62550.84
1139,269,2025-08-05,Delivered,14311.29
1140,449,2024-07-24,Returned,5080.45
1141,17,2025-04-12,Delivered,73483.39
1142,361,2024-07-22,Delivered,29783.35
1143,238,2025-06-01,Delivered,51014.72
1144,64,2025-11-28,Delivered,19733.32
1145,251,2025-08-31,Delivered,14617.08
1146,446,2025-04-30,Shipped,44330.58
1147,177,2024-06-16,Returned,71612
1148,384,2025-12-06,Delivered,23162.3
1149,198,2024-02-20,Delivered,68378.65
1150,400,2024-08-07,Returned,18096.63
1151,116,2025-11-24,Delivered,21891.41
1152,210,2025-06-09,Delivered,69237.94
1153,496,2025-11-29,Delivered,38190.2
1154,68,2025-10-24,Delivered,48290.39
1155,5,2024-08-17,Delivered,48862.95
1156,483,2024-11-08,Cancelled,77378.41
1157,330,2024-10-08,Delivered,71690.79
1158,437,2024-12-23,Delivered,20533.15
1159,239,2024-11-05,Cancelled,41890.23
1160,320,2025-02-10,Shipped,8632.91
1161,262,2025-11-09,Returned,67230.42
1162,288,2025-10-24,Shipped,48919.09
1163,153,2025-12-01,Delivered,38797.69
1164,173,2024-10-10,Cancelled,26347.72
1165,142,2024-09-24,Cancelled,57031.67
1166,457,2025-10-29,Delivered,15473.81
1167,265,2024-09-03,Delivered,64531.48
1168,411,2025-09-06,Delivered,53011.82
1169,349,2024-05-23,Cancelled,2522.72
1170,255,2024-10-29,Delivered,72599.38
1171,208,2025-02-01,Cancelled,3306.9
1172,363,2025-08-08,Returned,15597.45
1173,372,2025-12-31,Delivered,55061.98
1174,327,2025-05-02,Cancelled,28999.88
1175,154,2024-06-23,Returned,52780.03
1176,286,2024-07-04,Delivered,8258.54
1177,66,2024-09-21,Cancelled,64763.15
1178,391,2024-07-06,Cancelled,72017.4
1179,336,2024-04-01,Delivered,28744.39
1180,382,2024-11-10,Delivered,63152.98
1181,170,2025-01-15,Delivered,47052.46
1182,238,2024-04-30,Delivered,4766.37
1183,325,2025-08-20,Shipped,75571.87
1184,37,2025-04-28,Delivered,40287.45
1185,445,2025-11-28,Delivered,42621.69
1186,212,2024-02-25,Returned,68411.92
1187,71,2024-07-24,Delivered,33030.16
1188,292,2025-04-13,Delivered,25651.8
1189,367,2024-07-03,Returned,6923.59
1190,171,2025-10-08,Delivered,25415.73
1191,30,2024-01-05,Delivered,22244.74
1192,390,2024-06-21,Shipped,61276.22
1193,251,2024-03-31,Delivered,49350.75
1194,325,2025-03-15,Delivered,34606.95
1195,245,2025-01-27,Delivered,3498.2
1196,103,2025-01-17,Delivered,71414.4
1197,388,2025-06-27,Delivered,1923.35
1198,3,2025-10-03,Cancelled,20280.69
1199,356,2024-12-18,Delivered,10749.13
1200,197,2025-05-30,Shipped,24835.46
1201,34,2024-02-16,Delivered,75902.79
1202,234,2025-06-16,Shipped,42166.88
1203,223,2025-12-04,Delivered,27746.6
1204,462,2025-05-16,Delivered,60133.94
1205,85,2025-02-17,Delivered,18658.48
1206,373,2024-05-14,Delivered,58858.83
1207,302,2025-05-31,Delivered,10290.5
1208,365,2025-10-28,Returned,3469.43
1209,449,2025-10-17,Delivered,61814.12
1210,320,2024-02-19,Shipped,79577.07
1211,339,2024-04-20,Cancelled,66971.38
1212,25,2025-12-07,Delivered,33633.07
1213,195,2024-05-06,Shipped,20591.95
1214,360,2024-06-05,Delivered,55767.46
1215,323,2024-01-10,Delivered,33958.7
1216,52,2025-11-09,Shipped,21962.45
1217,311,2025-12-18,Delivered,33796.07
1218,461,2024-04-17,Shipped,57641.63
1219,61,2024-10-16,Delivered,62888.21
1220,255,2024-07-22,Shipped,16379.28
1221,135,2025-06-19,Delivered,28954.14
1222,210,2024-10-29,Delivered,3631.79
1223,255,2024-07-31,Cancelled,74683.32
1224,170,2024-08-28,Delivered,1512.59
1225,46,2024-04-23,Returned,46144.72
1226,253,2024-06-01,Delivered,62472.11
1227,39,2024-04-13,Delivered,51724.42
1228,234,2024-10-30,Delivered,37409.51
1229,52,2024-06-27,Returned,3634.88
1230,149,2025-01-03,Returned,54302.62
1231,219,2024-04-28,Delivered,68173.9
1232,456,2024-02-16,Delivered,68233.75
1233,340,2025-10-24,Delivered,26627.86
1234,458,2025-03-24,Shipped,21829.87
1235,376,2024-04-05,Delivered,65289.48
1236,94,2024-04-26,Delivered,32319.29
1237,234,2024-10-05,Returned,31163.77
1238,436,2025-05-04,Returned,34027.74
1239,454,2024-06-19,Delivered,11033.8
1240,372,2024-03-01,Returned,13171.09
1241,214,2025-08-27,Delivered,64279.85
1242,348,2025-03-24,Delivered,49099.8
1243,399,2025-01-02,Shipped,2789.92
1244,351,2024-05-13,Delivered,73671.56
1245,58,2025-02-25,Delivered,4153.85
1246,134,2025-11-01,Delivered,1481.65
1247,445,2025-11-25,Shipped,61518.3
1248,296,2025-08-01,Delivered,78242.67
1249,343,2024-12-12,Shipped,42086.23
1250,359,2025-09-25,Delivered,34910.84
1251,373,2024-09-11,Delivered,27986.43
1252,347,2025-10-18,Delivered,12317.18
1253,424,2025-07-25,Shipped,4837.06
1254,330,2024-06-09,Shipped,67983.07
1255,437,2025-05-22,Returned,13648.77
1256,385,2025-05-18,Delivered,19650.14
1257,497,2024-10-11,Delivered,40800.39
1258,282,2025-10-20,Delivered,32559.92
1259,121,2024-03-21,Delivered,35812.46
1260,294,2025-04-03,Delivered,68598.7
1261,229,2024-11-19,Delivered,78463.3
1262,382,2025-10-31,Delivered,8659.25
1263,212,2024-02-06,Shipped,44152.9
1264,423,2024-04-03,Returned,48533.76
1265,317,2025-10-14,Delivered,71263.71
1266,288,2024-07-30,Cancelled,53881.88
1267,487,2024-12-15,Delivered,66112.05
1268,419,2024-08-16,Returned,36629.02
1269,287,2025-09-26,Shipped,38113.6
1270,337,2025-01-07,Cancelled,36475.78
1271,50,2025-11-05,Delivered,673.66
1272,182,2025-10-10,Returned,23711.99
1273,268,2025-01-17,Cancelled,8951.72
1274,460,2024-06-17,Delivered,11664.85
1275,368,2025-02-23,Delivered,20715.25
1276,101,2024-07-11,Delivered,74452.12
1277,202,2024-08-08,Delivered,66051.88
1278,98,2024-12-12,Delivered,60693.13
1279,24,2025-10-10,Returned,53934.94
1280,64,2025-04-06,Delivered,52846.97
1281,490,2025-05-31,Delivered,77126.42
1282,3,2025-06-27,Cancelled,4360.49
1283,479,2025-03-19,Returned,47016.68
1284,474,2025-06-04,Returned,73732.33
1285,91,2025-12-09,Shipped,14304.37
1286,418,2024-05-11,Delivered,31298.13
1287,308,2025-09-12,Delivered,40576.26
1288,197,2025-03-04,Shipped,73314.78
1289,391,2024-09-11,Delivered,32130.06
1290,176,2024-10-28,Delivered,64481.15
1291,71,2025-02-26,Shipped,56150.84
1292,384,2025-06-08,Delivered,67524.26
1293,281,2024-11-17,Cancelled,59076.82
1294,284,2025-10-09,Delivered,16469.88
1295,320,2024-10-24,Cancelled,27950.18
1296,345,2024-05-15,Cancelled,52181.52
1297,491,2024-07-01,Shipped,43627.62
1298,327,2024-11-26,Cancelled,9673.83
1299,181,2025-07-29,Delivered,46832.68
1300,483,2025-11-14,Cancelled,33688.91
1301,383,2025-06-30,Delivered,70259.32
1302,217,2024-01-14,Shipped,8963.51
1303,196,2024-05-28,Delivered,53784.88
1304,103,2024-09-30,Returned,62949.59
1305,147,2025-11-30,Delivered,12140.2
1306,32,2025-12-08,Returned,23962.97
1307,386,2025-07-08,Delivered,29014.61
1308,232,2024-04-14,Shipped,69508.68
1309,379,2025-07-29,Returned,18331.66
1310,332,2025-07-28,Delivered,19388.08
1311,402,2025-12-13,Delivered,55588.11
1312,25,2025-01-25,Delivered,33616.43
1313,404,2025-12-02,Delivered,77283.71
1314,28,2024-01-14,Cancelled,20480.87
1315,318,2025-03-29,Returned,18430.33
1316,325,2025-12-22,Cancelled,51986.42
1317,387,2025-08-25,Shipped,59206.52
1318,101,2024-07-17,Delivered,36180.24
1319,350,2024-03-17,Delivered,77016.74
1320,377,2025-06-10,Delivered,30486.64
1321,220,2024-10-12,Shipped,21506.31
1322,83,2025-08-21,Returned,20773.04
1323,170,2025-04-22,Cancelled,75030.75
1324,21,2024-06-06,Delivered,47951.58
1325,397,2025-10-02,Shipped,67529.47
1326,155,2025-05-17,Returned,46027.39
1327,184,2024-03-15,Returned,56760.39
1328,270,2024-08-13,Delivered,41887.72
1329,403,2025-06-01,Delivered,33565.95
1330,275,2025-02-17,Delivered,28276.88
1331,453,2024-08-06,Cancelled,26884.07
1332,185,2024-10-27,Delivered,76049.46
1333,317,2025-06-27,Delivered,79732.17
1334,422,2025-10-26,Delivered,9619.51
1335,178,2025-04-01,Delivered,72407.37
1336,315,2025-09-28,Delivered,76732.26
1337,350,2024-11-24,Delivered,73316.54
1338,484,2024-04-26,Delivered,20898.21
1339,371,2024-10-16,Delivered,72951.12
1340,421,2025-01-18,Shipped,64323.73
1341,229,2025-05-13,Delivered,24065.8
1342,334,2024-07-16,Delivered,41354.14
1343,486,2024-04-08,Delivered,77744.46
1344,396,2025-07-04,Shipped,1081.79
1345,34,2024-08-03,Cancelled,50546.03
1346,110,2025-12-02,Delivered,66935.21
1347,106,2025-07-04,Returned,56367.76
1348,500,2025-03-21,Cancelled,65431.79
1349,37,2025-12-03,Delivered,2387.38
1350,368,2024-12-05,Delivered,7457
1351,28,2024-07-01,Returned,20525.94
1352,37,2025-08-11,Returned,18597.06
1353,133,2025-02-21,Delivered,36363.94
1354,208,2025-03-19,Delivered,1841.85
1355,345,2024-05-01,Shipped,967.97
1356,369,2025-09-25,Delivered,60598.62
1357,300,2024-02-16,Cancelled,67935.82
1358,184,2025-05-29,Delivered,23541.3
1359,352,2024-11-04,Shipped,7376.25
1360,392,2025-03-24,Delivered,31910.9
1361,339,2024-02-01,Delivered,12926.87
1362,113,2024-05-19,Cancelled,31583.3
1363,409,2025-07-12,Delivered,76830.63
1364,74,2024-11-01,Cancelled,71014.65
1365,495,2025-10-25,Delivered,76612.59
1366,6,2025-07-20,Returned,44627.6
1367,64,2024-02-12,Delivered,46030.7
1368,202,2025-07-04,Shipped,75784.81
1369,157,2024-08-03,Cancelled,59443.46
1370,372,2024-12-18,Delivered,33305.45
1371,331,2025-06-08,Delivered,13295.03
1372,114,2025-09-23,Returned,20592.22
1373,59,2024-07-04,Cancelled,64072.77
1374,437,2024-02-25,Returned,60207.58
1375,282,2025-04-17,Cancelled,44197.89
1376,149,2025-11-18,Delivered,20428.92
1377,102,2025-08-17,Delivered,76147.37
1378,183,2024-05-11,Cancelled,52609.76
1379,52,2024-10-18,Shipped,6048.88
1380,100,2024-11-21,Delivered,36325.81
1381,316,2025-11-06,Delivered,55629.61
1382,79,2025-08-02,Shipped,29476.59
1383,162,2025-03-14,Delivered,883.14
1384,127,2024-08-14,Cancelled,59315.13
1385,224,2024-10-10,Returned,29078.5
1386,348,2024-12-05,Delivered,37295.91
1387,184,2024-11-08,Delivered,44357.46
1388,90,2025-10-23,Shipped,7015.99
1389,144,2024-05-23,Shipped,16115.53
1390,376,2025-10-03,Delivered,58330.04
1391,457,2024-01-20,Returned,40820.18
1392,16,2025-08-18,Shipped,32707.6
1393,303,2024-08-05,Delivered,44351.27
1394,279,2025-07-06,Delivered,52485.35
1395,77,2025-01-09,Delivered,18252.1
1396,396,2025-08-26,Cancelled,68644.41
1397,69,2025-04-20,Shipped,41077.26
1398,204,2025-01-07,Shipped,1341.05
1399,123,2025-09-20,Cancelled,13683.73
1400,264,2024-05-23,Delivered,13157.34
1401,290,2025-08-02,Cancelled,69839.39
1402,75,2025-05-10,Delivered,3712.42
1403,390,2025-05-14,Delivered,5496.53
1404,190,2024-08-27,Delivered,53652.22
1405,266,2025-01-04,Delivered,37838.57
1406,233,2024-02-17,Delivered,78456.87
1407,166,2024-04-15,Cancelled,77491.06
1408,325,2024-10-07,Returned,59481.56
1409,297,2025-07-11,Shipped,14320.23
1410,335,2025-01-22,Delivered,47220.05
1411,460,2024-03-20,Shipped,20500.37
1412,499,2024-08-16,Shipped,32763.86
1413,419,2024-12-19,Delivered,63516.06
1414,455,2025-09-10,Delivered,40395.54
1415,72,2025-03-26,Delivered,18783.5
1416,264,2025-10-20,Delivered,17314.82
1417,96,2024-06-10,Delivered,48360.21
1418,419,2024-05-01,Cancelled,18811.76
1419,416,2024-12-04,Cancelled,9509.54
1420,346,2025-05-05,Delivered,17250.17
1421,83,2025-10-24,Returned,33165.9
1422,125,2024-02-14,Delivered,46091.75
1423,83,2024-05-17,Cancelled,41254.62
1424,457,2025-08-09,Delivered,4944.06
1425,133,2024-07-03,Shipped,76679.91
1426,307,2025-07-31,Cancelled,1979.31
1427,369,2025-11-08,Returned,23033.93
1428,44,2024-08-09,Delivered,48718.42
1429,242,2025-05-08,Delivered,17938.64
1430,211,2025-09-07,Delivered,63671.77
1431,421,2024-07-05,Shipped,52941.74
1432,136,2024-06-20,Cancelled,55004.18
1433,473,2025-04-09,Shipped,47451.97
1434,118,2025-01-22,Delivered,11010.08
1435,9,2024-07-26,Shipped,68837.4
1436,259,2025-12-01,Delivered,66207.7
1437,311,2024-04-08,Delivered,38331.08
1438,315,2025-09-06,Delivered,70281.21
1439,273,2025-05-30,Returned,9841.67
1440,247,2025-11-06,Delivered,72207.69
1441,277,2024-01-02,Returned,54445.15
1442,221,2025-06-18,Delivered,29944.38
1443,23,2025-12-15,Shipped,34601.45
1444,481,2025-05-08,Returned,61609.17
1445,180,2025-08-26,Returned,59440.57
1446,390,2025-12-14,Shipped,8267.59
1447,69,2024-09-17,Delivered,61385.55
1448,466,2024-03-26,Delivered,48063.84
1449,279,2025-02-22,Delivered,15526.36
1450,364,2024-01-08,Shipped,42041.5
1451,267,2024-01-08,Delivered,52536.07
1452,353,2024-11-19,Delivered,29299.81
1453,80,2025-03-12,Cancelled,47036.52
1454,134,2025-07-02,Delivered,45390.85
1455,314,2024-10-09,Cancelled,32097
1456,105,2025-02-27,Shipped,62810.96
1457,248,2024-07-02,Delivered,44947.52
1458,248,2024-09-16,Delivered,46422.84
1459,397,2025-12-23,Delivered,58994.44
1460,438,2025-11-06,Delivered,59950.98
1461,229,2025-12-17,Delivered,8471.25
1462,261,2025-02-14,Returned,27405.15
1463,282,2025-09-20,Cancelled,54922.56
1464,27,2024-06-13,Delivered,77183.3
1465,3,2024-04-03,Returned,12052.76
1466,475,2025-09-06,Delivered,7506.27
1467,135,2024-08-15,Delivered,6862.24
1468,20,2025-01-28,Delivered,49309.88
1469,267,2024-10-20,Cancelled,77100.58
1470,30,2024-06-28,Cancelled,39801.78
1471,6,2024-07-25,Returned,52721.95
1472,412,2025-06-14,Delivered,15981.54
1473,402,2025-09-05,Shipped,41506.7
1474,119,2025-09-21,Delivered,54084.61
1475,185,2024-09-01,Cancelled,521.84
1476,81,2024-03-29,Delivered,62483.77
1477,181,2025-11-16,Delivered,32732.76
1478,103,2025-06-14,Delivered,59085.32
1479,36,2024-04-02,Shipped,23116.54
1480,425,2025-07-26,Shipped,28172.92
1481,494,2024-10-10,Delivered,48705.5
1482,100,2025-04-10,Delivered,46204.66
1483,134,2024-06-28,Delivered,40745.43
1484,287,2024-03-15,Shipped,23892.31
1485,485,2024-04-29,Returned,41305.8
1486,132,2025-07-04,Returned,63574.24
1487,129,2025-12-11,Delivered,77301.37
1488,289,2025-05-10,Returned,19839.47
1489,174,2025-04-14,Cancelled,37126.74
1490,301,2024-01-29,Delivered,9742.45
1491,35,2025-01-26,Cancelled,63197.94
1492,113,2025-11-24,Cancelled,18778.68
1493,162,2025-02-26,Delivered,41561.6
1494,5,2025-12-18,Returned,21435.56
1495,148,2024-04-05,Delivered,54058.66
1496,421,2024-12-16,Delivered,44586.4
1497,92,2025-05-02,Delivered,28605.62
1498,458,2025-08-10,Delivered,15030.55
1499,383,2025-11-30,Delivered,40169.95
1500,103,2024-08-28,Cancelled,19742.74
1501,136,2024-07-30,Delivered,16619.14
1502,128,2025-09-25,Delivered,12900.8
1503,55,2024-05-02,Delivered,54226.74
1504,340,2025-05-19,Shipped,1025.59
1505,439,2025-07-08,Delivered,67916.69
1506,191,2025-09-27,Delivered,39640.55
1507,452,2025-08-11,Returned,22340.55
1508,94,2025-06-07,Delivered,32130.82
1509,385,2025-08-13,Delivered,4803.83
1510,410,2025-03-09,Delivered,75202.47
1511,17,2025-05-29,Delivered,31799.89
1512,352,2024-06-27,Delivered,78132.3
1513,358,2025-06-14,Delivered,25593.59
1514,5,2024-01-13,Cancelled,17254.03
1515,298,2024-04-13,Delivered,29246.75
1516,442,2024-09-22,Delivered,44110.34
1517,122,2024-10-02,Delivered,76702.84
1518,176,2025-01-09,Delivered,40151.72
1519,108,2025-03-05,Cancelled,60299.32
1520,187,2025-02-14,Delivered,36332.41
1521,293,2024-05-14,Shipped,55037.63
1522,417,2024-04-12,Cancelled,21960.22
1523,121,2025-07-22,Delivered,68576.4
1524,101,2024-05-29,Returned,76752.22
1525,77,2025-04-29,Returned,1273.52
1526,216,2025-05-26,Delivered,79647.16
1527,435,2025-10-07,Shipped,42951.15
1528,162,2025-05-13,Delivered,20451.69
1529,440,2025-08-04,Delivered,32172.35
1530,354,2024-06-16,Delivered,17628.87
1531,131,2025-05-02,Returned,50573.68
1532,231,2024-12-08,Delivered,29195.84
1533,287,2025-07-24,Returned,20987.59
1534,11,2025-02-25,Delivered,28411.05
1535,348,2025-09-12,Delivered,46359.45
1536,333,2025-10-26,Shipped,14375.01
1537,400,2024-10-18,Delivered,26344
1538,262,2025-05-14,Returned,59053.57
1539,456,2024-03-21,Delivered,49285.88
1540,238,2025-10-08,Delivered,69526.35
1541,328,2024-12-11,Delivered,50685.87
1542,293,2025-02-18,Returned,72612.21
1543,41,2024-06-14,Delivered,18642.55
1544,163,2025-10-30,Delivered,56979.17
1545,310,2025-10-22,Delivered,22063.5
1546,228,2025-01-06,Cancelled,47159.71
1547,495,2025-04-06,Delivered,13800.96
1548,438,2024-01-24,Delivered,58357.63
1549,339,2024-09-14,Cancelled,56205.11
1550,41,2024-08-03,Delivered,32064.52
1551,49,2024-03-06,Delivered,44100.03
1552,14,2025-02-10,Shipped,61316.98
1553,43,2024-04-16,Delivered,49638.74
1554,44,2025-11-01,Delivered,25094.28
1555,127,2024-10-17,Delivered,50304.84
1556,68,2025-06-23,Returned,14062.51
1557,18,2025-11-10,Delivered,68899.18
1558,167,2025-05-02,Delivered,78011.01
1559,277,2024-10-05,Shipped,35864.62
1560,497,2025-12-15,Shipped,14573.59
1561,306,2025-04-12,Cancelled,60038.22
1562,450,2025-07-31,Delivered,42114.58
1563,328,2025-06-30,Delivered,72759.3
1564,247,2025-07-06,Delivered,64474.07
1565,227,2024-11-11,Delivered,33269.61
1566,80,2024-11-06,Delivered,506.34
1567,418,2024-05-19,Delivered,23296.89
1568,274,2024-01-09,Cancelled,73805.95
1569,485,2025-05-03,Delivered,1225.05
1570,221,2024-10-26,Shipped,18880.86
1571,4,2025-07-15,Delivered,15490.58
1572,452,2025-07-28,Delivered,31882.19
1573,84,2025-10-23,Delivered,66359.76
1574,113,2024-09-26,Delivered,34067.45
1575,123,2025-06-13,Returned,64096.55
1576,314,2025-12-11,Cancelled,22112.55
1577,333,2025-06-28,Returned,21870.62
1578,97,2024-03-11,Delivered,11360.75
1579,57,2025-10-14,Delivered,49609.11
1580,140,2025-12-18,Shipped,39613.18
1581,165,2024-01-20,Delivered,4444.8
1582,274,2024-01-23,Delivered,77800.41
1583,145,2024-10-02,Delivered,57357.79
1584,373,2024-01-09,Delivered,7669.75
1585,8,2025-05-20,Delivered,27681.41
1586,160,2025-05-25,Delivered,37362.38
1587,406,2024-02-02,Delivered,6876.82
1588,385,2024-05-29,Delivered,21686.3
1589,201,2024-03-14,Shipped,37876.14
1590,99,2024-09-13,Returned,30834.79
1591,7,2024-05-04,Returned,57316.98
1592,198,2025-03-29,Delivered,59140.45
1593,18,2024-07-22,Delivered,58957.9
1594,49,2025-06-17,Cancelled,78578.19
1595,243,2025-02-02,Cancelled,76916.47
1596,480,2024-11-26,Delivered,50518.19
1597,22,2025-07-16,Shipped,10209.37
1598,247,2025-10-15,Delivered,16297.73
1599,455,2024-02-23,Returned,53501.9
1600,499,2024-04-25,Delivered,50815.9
1601,167,2024-01-16,Delivered,63653.83
1602,300,2024-05-02,Delivered,63236.72
1603,5,2024-02-13,Shipped,62786.07
1604,244,2025-12-05,Shipped,12821.01
1605,395,2024-04-01,Delivered,13036.18
1606,47,2025-12-03,Shipped,27403.9
1607,497,2025-10-02,Delivered,5251.18
1608,331,2024-06-06,Cancelled,43139.63
1609,55,2024-05-08,Delivered,18996.87
1610,286,2025-10-22,Returned,28111.11
1611,457,2025-03-25,Cancelled,15839.93
1612,353,2025-01-21,Delivered,58089.46
1613,129,2024-02-10,Delivered,56676.47
1614,287,2024-10-28,Shipped,55914.2
1615,98,2025-08-03,Delivered,43717.38
1616,166,2025-04-24,Delivered,69478.98
1617,307,2025-07-21,Delivered,5974.76
1618,80,2025-04-05,Delivered,65643.59
1619,278,2025-01-10,Delivered,556.23
1620,327,2025-06-02,Delivered,58825.52
1621,453,2024-01-20,Shipped,68617.79
1622,398,2025-09-27,Delivered,25994.5
1623,33,2025-11-05,Shipped,65614.27
1624,98,2025-06-20,Cancelled,40054.66
1625,283,2024-06-06,Shipped,23008.05
1626,210,2025-10-18,Delivered,9281.01
1627,268,2025-11-05,Delivered,3979.34
1628,481,2024-05-12,Delivered,69942.55
1629,104,2024-04-19,Delivered,15732.71
1630,17,2025-08-07,Cancelled,66985.65
1631,337,2025-05-16,Shipped,50105.28
1632,303,2024-09-19,Delivered,29624.51
1633,311,2024-03-13,Delivered,74451.71
1634,107,2025-11-02,Delivered,74308.02
1635,427,2024-03-22,Delivered,64180.89
1636,32,2025-01-04,Shipped,59606.2
1637,456,2025-03-01,Returned,29840.33
1638,363,2024-02-29,Returned,49545.82
1639,271,2024-02-11,Cancelled,6094.93
1640,156,2024-03-20,Delivered,76866.61
1641,50,2024-04-13,Cancelled,18865.16
1642,198,2024-07-13,Delivered,42331.79
1643,128,2025-08-06,Cancelled,75826.46
1644,286,2025-07-25,Delivered,59815.36
1645,393,2025-10-15,Shipped,28957.45
1646,235,2025-12-20,Cancelled,34451.89
1647,54,2024-06-19,Returned,14840.71
1648,206,2025-05-31,Delivered,52773.44
1649,274,2025-09-06,Delivered,74714.77
1650,463,2024-11-18,Shipped,79321.3
1651,167,2025-01-15,Delivered,61252.42
1652,221,2024-11-27,Shipped,19636.68
1653,280,2024-08-07,Delivered,61373.57
1654,475,2024-09-17,Delivered,76951.28
1655,230,2025-02-10,Delivered,58241.63
1656,146,2025-09-02,Delivered,41649.46
1657,456,2024-11-05,Delivered,24375.85
1658,114,2024-08-07,Returned,25534.24
1659,396,2025-12-07,Returned,22437.87
1660,284,2025-06-07,Shipped,45867.69
1661,293,2024-06-07,Delivered,3499.07
1662,183,2024-06-08,Delivered,21565.83
1663,456,2025-08-19,Delivered,19022.27
1664,416,2024-11-03,Delivered,45853.3
1665,292,2024-08-10,Cancelled,6636.6
1666,167,2025-05-09,Delivered,39317.46
1667,461,2025-12-07,Cancelled,46310.06
1668,465,2024-04-07,Shipped,51558.88
1669,20,2025-08-13,Delivered,6738.03
1670,29,2024-12-08,Delivered,70443.38
1671,223,2025-03-02,Returned,10082.09
1672,395,2024-08-20,Cancelled,52395.6
1673,309,2024-01-12,Cancelled,62304.56
1674,196,2024-02-25,Delivered,42188
1675,164,2025-07-06,Shipped,12390.76
1676,258,2025-12-15,Delivered,12678.35
1677,345,2025-02-06,Delivered,60350.55
1678,295,2025-05-31,Delivered,18155.03
1679,149,2025-02-07,Delivered,11008.16
1680,43,2025-05-02,Shipped,59752.29
1681,281,2025-02-12,Delivered,7262.86
1682,257,2025-03-20,Returned,55980.4
1683,391,2024-05-18,Delivered,44963.61
1684,250,2025-02-08,Cancelled,45920.36
1685,288,2025-09-22,Cancelled,42177.22
1686,125,2024-03-14,Delivered,62253.14
1687,166,2025-12-02,Shipped,7621.86
1688,344,2025-02-27,Delivered,29538.14
1689,98,2024-11-24,Delivered,47712.83
1690,13,2024-11-08,Delivered,79018.32
1691,316,2025-03-28,Shipped,12091.71
1692,23,2024-08-27,Delivered,54985.74
1693,80,2024-03-28,Delivered,59296.48
1694,125,2025-09-27,Delivered,69565.68
1695,420,2024-10-21,Delivered,27789.42
1696,412,2024-04-23,Delivered,36279.34
1697,12,2024-12-05,Delivered,59330.77
1698,109,2024-07-27,Shipped,42099.16
1699,133,2025-07-15,Delivered,50031.46
1700,73,2025-12-12,Cancelled,53626.38
1701,193,2025-08-19,Cancelled,42380.05
1702,131,2024-06-23,Delivered,23078.36
1703,405,2025-12-14,Shipped,22066.15
1704,239,2025-11-01,Delivered,5793.59
1705,339,2024-10-04,Cancelled,68240.45
1706,338,2025-01-03,Returned,9076.48
1707,150,2025-10-26,Delivered,18877.14
1708,195,2025-06-04,Cancelled,8417.59
1709,162,2025-05-11,Returned,47969.56
1710,46,2024-07-09,Delivered,40301.24
1711,235,2025-07-28,Cancelled,2207.35
1712,127,2025-06-26,Delivered,27018.12
1713,202,2024-06-09,Delivered,28068.35
1714,181,2024-12-29,Cancelled,24534.24
1715,257,2024-10-09,Returned,5428.83
1716,132,2025-01-31,Returned,79233.74
1717,484,2025-07-22,Delivered,18433.05
1718,175,2025-02-06,Cancelled,11411.36
1719,374,2025-01-26,Shipped,76868.11
1720,314,2025-10-02,Cancelled,18579.75
1721,124,2025-08-09,Delivered,34403.39
1722,160,2025-09-11,Delivered,36208.4
1723,68,2024-07-30,Cancelled,11515.97
1724,278,2025-12-01,Returned,16582.87
1725,71,2024-11-12,Cancelled,56558.05
1726,269,2024-05-18,Delivered,79657.02
1727,500,2024-05-28,Cancelled,74675.81
1728,470,2024-06-10,Delivered,5890.28
1729,273,2024-05-01,Delivered,25748.33
1730,451,2024-05-29,Cancelled,2842.96
1731,164,2025-02-27,Delivered,24615.48
1732,382,2025-10-14,Cancelled,22266.07
1733,399,2024-07-11,Delivered,10957.03
1734,14,2025-09-18,Shipped,21714.84
1735,291,2025-09-19,Delivered,47910.27
1736,119,2025-12-04,Delivered,29060.64
1737,353,2025-05-03,Delivered,40434.31
1738,310,2025-04-25,Cancelled,52140.35
1739,95,2025-01-31,Delivered,38170.3
1740,84,2024-07-16,Delivered,3061.28
1741,392,2024-01-16,Delivered,76040.69
1742,114,2025-11-18,Delivered,60743
1743,34,2024-06-30,Delivered,69436.62
1744,251,2025-12-05,Delivered,69408.47
1745,455,2024-09-09,Delivered,32686.31
1746,22,2025-09-14,Cancelled,66033.94
1747,369,2024-11-16,Delivered,49114.25
1748,381,2025-08-08,Shipped,43124.21
1749,329,2025-12-22,Returned,3560.74
1750,56,2025-04-07,Delivered,66247.13
1751,22,2024-09-08,Shipped,43260.13
1752,377,2024-02-10,Shipped,31297.52
1753,392,2025-10-07,Delivered,15592.29
1754,226,2025-02-11,Delivered,62007.1
1755,147,2025-04-17,Delivered,34085.17
1756,314,2024-02-25,Cancelled,41598.6
1757,73,2025-04-19,Returned,51864.72
1758,47,2025-05-27,Delivered,14791.01
1759,300,2025-12-13,Shipped,11256.02
1760,212,2024-11-27,Delivered,2479.54
1761,233,2025-08-27,Cancelled,71715.59
1762,452,2025-04-10,Delivered,20380.79
1763,355,2025-10-26,Cancelled,63820.45
1764,368,2024-05-06,Delivered,9575.23
1765,231,2025-10-11,Delivered,7280.96
1766,363,2025-01-28,Cancelled,63389.59
1767,262,2025-09-18,Delivered,30604.33
1768,195,2024-02-14,Returned,14084.53
1769,172,2025-08-02,Returned,52932.32
1770,77,2024-06-15,Returned,11995.43
1771,394,2025-12-30,Delivered,33856.16
1772,159,2025-04-01,Delivered,50302.63
1773,61,2024-05-14,Delivered,779.87
1774,392,2024-09-16,Delivered,36961.55
1775,438,2025-05-25,Shipped,64692.45
1776,312,2025-05-20,Delivered,17740.69
1777,338,2025-05-02,Delivered,33106.44
1778,41,2025-09-07,Shipped,1021.56
1779,452,2025-07-14,Delivered,49771.02
1780,286,2024-07-31,Delivered,15193.96
1781,29,2025-10-30,Delivered,3418.36
1782,438,2024-02-03,Cancelled,46457.95
1783,309,2024-11-01,Delivered,73670.5
1784,26,2024-04-21,Delivered,79501.94
1785,83,2025-11-19,Delivered,49081.25
1786,355,2025-12-17,Shipped,45996.04
1787,288,2024-06-30,Delivered,60071.87
1788,185,2024-02-06,Delivered,61596.47
1789,166,2025-01-12,Delivered,65710.87
1790,389,2025-03-13,Returned,44262
1791,150,2025-04-27,Delivered,10199.97
1792,441,2024-10-08,Delivered,42400.22
1793,269,2024-08-02,Cancelled,17118.76
1794,30,2024-04-21,Shipped,58513.15
1795,323,2025-06-25,Delivered,38950.69
1796,353,2025-09-11,Returned,78909.12
1797,148,2025-03-13,Shipped,67899.79
1798,133,2025-06-22,Shipped,79604.43
1799,182,2024-05-12,Shipped,45228.99
1800,267,2025-10-09,Delivered,39653.6
1801,93,2025-09-16,Delivered,56832.38
1802,100,2024-01-02,Delivered,2405.97
1803,321,2024-04-30,Cancelled,67921.4
1804,410,2025-09-22,Delivered,33415.68
1805,171,2024-12-24,Shipped,64580.27
1806,109,2024-01-12,Cancelled,16493.58
1807,145,2024-09-17,Returned,5892.03
1808,154,2025-06-02,Shipped,26251.27
1809,4,2024-04-26,Cancelled,26995.32
1810,203,2025-08-05,Shipped,76828.93
1811,427,2024-06-28,Delivered,26775.26
1812,174,2025-11-19,Delivered,73334.88
1813,409,2024-02-06,Cancelled,11291.57
1814,80,2025-10-04,Delivered,71418.53
1815,275,2024-12-09,Delivered,62826.91
1816,212,2024-02-27,Returned,41924.84
1817,290,2025-11-25,Delivered,44636.14
1818,10,2024-08-01,Shipped,54996.4
1819,410,2024-12-28,Delivered,77584.23
1820,144,2024-02-01,Delivered,78697.68
1821,321,2025-07-01,Returned,13693.74
1822,311,2025-02-02,Delivered,47817.35
1823,443,2024-11-11,Cancelled,68696.51
1824,364,2024-02-02,Delivered,33402.04
1825,255,2024-08-31,Delivered,36426.01
1826,487,2024-11-05,Delivered,42245.01
1827,90,2024-04-24,Delivered,62902.83
1828,399,2024-07-25,Delivered,35779.48
1829,13,2025-05-09,Shipped,12748.34
1830,175,2025-05-10,Cancelled,69973.26
1831,159,2024-12-01,Delivered,61673.54
1832,51,2025-06-12,Cancelled,79421.26
1833,106,2024-02-07,Delivered,31312.65
1834,443,2025-06-18,Delivered,825.74
1835,478,2024-02-15,Cancelled,67925.71
1836,447,2024-03-30,Delivered,37616.1
1837,24,2024-04-15,Shipped,61411.09
1838,382,2024-11-15,Delivered,46415.58
1839,160,2025-10-16,Delivered,26009.31
1840,99,2024-10-20,Delivered,42815.46
1841,396,2025-03-27,Cancelled,9852.36
1842,77,2024-06-10,Delivered,9598.72
1843,491,2025-09-29,Shipped,41367.34
1844,106,2025-07-09,Delivered,44174.12
1845,139,2024-05-24,Cancelled,64418.03
1846,294,2024-09-07,Delivered,6162.88
1847,314,2024-12-12,Shipped,35769.43
1848,67,2024-01-30,Delivered,72311.65
1849,26,2024-04-18,Delivered,4776.14
1850,219,2025-02-05,Delivered,56521.57
1851,457,2025-08-29,Cancelled,66975.7
1852,359,2025-04-01,Shipped,28771.49
1853,171,2024-07-21,Cancelled,60792.76
1854,415,2025-06-30,Delivered,77907.68
1855,387,2025-04-21,Shipped,10976.86
1856,417,2025-12-16,Delivered,8231.51
1857,159,2025-12-01,Cancelled,56961.87
1858,239,2025-04-26,Delivered,75822.08
1859,74,2025-09-23,Delivered,73072.41
1860,201,2024-07-06,Cancelled,73422.44
1861,170,2024-11-28,Delivered,39256.27
1862,34,2025-05-01,Delivered,28438.9
1863,237,2024-06-23,Delivered,61551.12
1864,310,2025-08-11,Delivered,40881.51
1865,208,2024-04-19,Delivered,44713.47
1866,37,2024-11-05,Shipped,37146.96
1867,303,2025-02-27,Delivered,49859.17
1868,281,2024-06-11,Delivered,31012.79
1869,175,2024-08-01,Returned,55677.45
1870,221,2025-03-21,Shipped,63092.27
1871,279,2025-12-11,Delivered,14259.47
1872,343,2024-03-20,Cancelled,74503.56
1873,294,2025-05-13,Delivered,47576.56
1874,238,2024-11-29,Shipped,8262.58
1875,228,2024-06-29,Delivered,76492.69
1876,36,2025-09-04,Delivered,54997.63
1877,306,2025-01-23,Delivered,39795.96
1878,339,2024-03-03,Delivered,17799.35
1879,72,2025-08-17,Returned,51072.2
1880,1,2024-05-30,Cancelled,12361.86
1881,273,2024-10-25,Delivered,49437.6
1882,229,2024-07-19,Delivered,54680.27
1883,163,2024-11-02,Shipped,63650.35
1884,348,2024-11-07,Delivered,57564.12
1885,469,2024-12-18,Delivered,46826.38
1886,314,2025-06-06,Delivered,67886.97
1887,437,2024-10-28,Delivered,29852.59
1888,282,2024-02-24,Delivered,56416.36
1889,421,2025-01-02,Delivered,68969.06
1890,444,2024-02-01,Delivered,34820.81
1891,303,2025-02-07,Cancelled,25790.44
1892,196,2025-02-19,Delivered,35097.04
1893,109,2025-11-09,Delivered,38251.75
1894,97,2025-07-22,Delivered,67544.39
1895,185,2025-03-03,Delivered,23432.72
1896,447,2025-11-17,Delivered,11174.19
1897,37,2025-10-25,Delivered,11946.82
1898,454,2025-05-13,Cancelled,35219.88
1899,70,2024-03-27,Delivered,51557.95
1900,213,2025-04-11,Returned,55783.24
1901,477,2025-03-11,Shipped,14793.07
1902,261,2025-03-10,Shipped,65695.5
1903,197,2024-12-29,Delivered,15269.57
1904,310,2024-01-08,Shipped,40102.98
1905,375,2024-08-30,Cancelled,40386.94
1906,211,2025-07-13,Shipped,29673.48
1907,20,2025-08-04,Delivered,56537.87
1908,58,2025-08-17,Delivered,76958.11
1909,41,2024-05-25,Cancelled,58637.54
1910,440,2024-10-13,Delivered,41597.01
1911,268,2025-09-16,Delivered,19995.13
1912,323,2025-11-10,Cancelled,6706.59
1913,325,2025-07-06,Returned,46580.04
1914,314,2024-02-24,Delivered,43034.68
1915,6,2025-04-25,Delivered,41256.23
1916,241,2025-08-10,Cancelled,26854.69
1917,181,2024-10-28,Delivered,13816.07
1918,356,2025-09-03,Cancelled,24672.94
1919,402,2025-07-31,Delivered,5381.77
1920,243,2025-08-15,Delivered,46041.94
1921,337,2024-10-25,Returned,59121.45
1922,14,2024-10-20,Delivered,7058.64
1923,259,2024-03-19,Returned,62808.93
1924,130,2024-05-15,Shipped,22836.55
1925,440,2024-09-20,Delivered,59443.36
1926,310,2024-06-27,Shipped,59247.63
1927,338,2025-04-02,Delivered,64723.14
1928,134,2025-12-18,Delivered,39050.51
1929,410,2025-06-24,Returned,3129.73
1930,44,2024-05-28,Shipped,74748.31
1931,79,2025-05-22,Returned,79490.05
1932,395,2025-01-27,Delivered,53022.71
1933,372,2025-10-14,Delivered,17262.32
1934,376,2024-12-19,Delivered,51559.4
1935,387,2024-04-28,Delivered,13823.4
1936,205,2025-05-02,Delivered,38362.64
1937,486,2025-06-29,Delivered,30693.54
1938,362,2025-02-03,Delivered,21377.96
1939,272,2025-03-21,Delivered,23458.27
1940,409,2025-04-04,Delivered,54439.9
1941,493,2025-06-26,Cancelled,76491.68
1942,50,2025-06-28,Cancelled,28628.69
1943,433,2025-03-18,Shipped,73484.26
1944,440,2024-10-06,Delivered,21990.2
1945,411,2024-04-10,Delivered,52519.95
1946,201,2025-04-17,Returned,54185.32
1947,124,2025-11-19,Shipped,61754.3
1948,267,2024-12-11,Cancelled,55376.82
1949,93,2024-11-16,Shipped,1339.96
1950,5,2024-03-10,Delivered,33193.69
1951,269,2024-04-16,Cancelled,35951.85
1952,113,2024-10-17,Delivered,15849.02
1953,13,2025-09-26,Delivered,5021.17
1954,305,2025-11-03,Returned,17736.78
1955,307,2025-10-15,Delivered,56791.68
1956,62,2024-03-29,Returned,48572.12
1957,193,2025-11-03,Returned,72041.73
1958,290,2024-07-08,Delivered,55804.16
1959,130,2024-10-28,Delivered,53007.65
1960,39,2025-10-16,Delivered,73854.21
1961,142,2025-03-13,Cancelled,72319.53
1962,395,2024-11-27,Delivered,13375.46
1963,38,2024-10-10,Returned,5458.86
1964,199,2024-12-06,Delivered,21029.23
1965,417,2024-09-28,Delivered,35525.14
1966,252,2024-07-24,Shipped,31713.83
1967,331,2025-05-18,Delivered,11937.02
1968,394,2025-03-17,Delivered,49309.93
1969,55,2025-03-28,Cancelled,21089.46
1970,18,2024-03-15,Delivered,45921.46
1971,129,2025-04-01,Delivered,71772.63
1972,77,2025-10-30,Cancelled,567.98
1973,20,2025-11-11,Delivered,21680.97
1974,359,2024-12-03,Delivered,46183.47
1975,264,2025-12-25,Returned,39508.51
1976,224,2025-02-17,Returned,58357.24
1977,416,2024-03-12,Shipped,18454.05
1978,197,2025-12-06,Returned,62496.26
1979,63,2025-08-03,Shipped,74835.79
1980,184,2024-12-07,Cancelled,24574.13
1981,29,2025-10-09,Cancelled,7707.12
1982,274,2024-12-14,Delivered,67373.78
1983,390,2024-10-23,Cancelled,16647.28
1984,284,2024-02-10,Delivered,53028.02
1985,154,2025-12-13,Delivered,71768.52
1986,323,2025-12-06,Delivered,39176.52
1987,454,2025-10-09,Delivered,58958.01
1988,72,2024-02-06,Delivered,2515.51
1989,304,2024-09-01,Delivered,31406.41
1990,406,2025-07-07,Cancelled,24963.91
1991,274,2025-04-05,Delivered,3443.93
1992,29,2024-12-11,Returned,57820.17
1993,208,2024-05-01,Delivered,64664.55
1994,342,2025-06-19,Delivered,75237.08
1995,446,2025-07-03,Delivered,59413.34
1996,120,2024-03-14,Delivered,58968.78
1997,251,2025-10-31,Delivered,37961.43
1998,471,2025-09-25,Delivered,19792.51
1999,333,2024-05-13,Delivered,14192.97
2000,26,2024-11-10,Returned,63598.71
